"SITE_ID", "GROUP_ID", "VARIABLE_GROUP", "DOI", "DOI_CITATION", "DOI_DATAPRODUCT", 
"AR-TF1", "87122", "GRP_DOI", "10.17190/AMF/1543389", "Lars Kutzbach (2016-2018) AmeriFlux AR-TF1 Rio Moat bog, 10.17190/AMF/1543389", "AmeriFlux", 
"AR-TF2", "87126", "GRP_DOI", "10.17190/AMF/1543388", "Lars Kutzbach (2016-2018) AmeriFlux AR-TF2 Rio Pipo bog, 10.17190/AMF/1543388", "AmeriFlux", 
"BR-CST", "87986", "GRP_DOI", "10.17190/AMF/1562386", "Antonio Antonino (2014-) AmeriFlux BR-CST Caatinga Serra Talhada, 10.17190/AMF/1562386", "AmeriFlux", 
"BR-Sa1", "15730", "GRP_DOI", "10.17190/AMF/1245994", "Scott Saleska (2002-) AmeriFlux BR-Sa1 Santarem-Km67-Primary Forest, 10.17190/AMF/1245994", "AmeriFlux", 
"BR-Sa3", "15697", "GRP_DOI", "10.17190/AMF/1245995", "Mike Goulden (2000-2003) AmeriFlux BR-Sa3 Santarem-Km83-Logged Forest, 10.17190/AMF/1245995", "AmeriFlux", 
"CA-ARB", "85253", "GRP_DOI", "10.17190/AMF/1480319", "Aaron Todd, Elyn Humphreys (2010-) AmeriFlux CA-ARB Attawapiskat River Bog, 10.17190/AMF/1480319", "AmeriFlux", 
"CA-ARF", "85249", "GRP_DOI", "10.17190/AMF/1480318", "Aaron Todd, Elyn Humphreys (2010-) AmeriFlux CA-ARF Attawapiskat River Fen, 10.17190/AMF/1480318", "AmeriFlux", 
"CA-Ca1", "85010", "GRP_DOI", "10.17190/AMF/1480300", "T. Andrew Black (1997-) AmeriFlux CA-Ca1 British Columbia - 1949 Douglas-fir stand, 10.17190/AMF/1480300", "AmeriFlux", 
"CA-Ca2", "85009", "GRP_DOI", "10.17190/AMF/1480301", "T. Andrew Black (2000-) AmeriFlux CA-Ca2 British Columbia - Clearcut Douglas-fir stand (harvested winter 1999/2000), 10.17190/AMF/1480301", "AmeriFlux", 
"CA-Ca3", "85012", "GRP_DOI", "10.17190/AMF/1480302", "T. Andrew Black (2001-) AmeriFlux CA-Ca3 British Columbia - Pole sapling Douglas-fir stand, 10.17190/AMF/1480302", "AmeriFlux", 
"CA-Cbo", "86008", "GRP_DOI", "10.17190/AMF/1498755", "Ralf Staebler (1995-) AmeriFlux CA-Cbo Ontario - Mixed Deciduous, Borden Forest Site, 10.17190/AMF/1498755", "AmeriFlux", 
"CA-Cha", "81565", "GRP_DOI", "10.17190/AMF/1436317", "Charles Bourque (2004-2005) AmeriFlux CA-Cha New Brunswick - Charlie Lake site 01 (immature balsam fir forest to be thinned in year 3), 10.17190/AMF/1436317", "AmeriFlux", 
"CA-DBB", "87120", "GRP_DOI", "10.17190/AMF/1543378", "Andreas Christen, Sara Knox (2014-) AmeriFlux CA-DBB Delta Burns Bog, 10.17190/AMF/1543378", "AmeriFlux", 
"CA-Gro", "15674", "GRP_DOI", "10.17190/AMF/1245996", "Harry McCaughey (2003-) AmeriFlux CA-Gro Ontario - Groundhog River, Boreal Mixedwood Forest, 10.17190/AMF/1245996", "AmeriFlux", 
"CA-Let", "81566", "GRP_DOI", "10.17190/AMF/1436318", "Lawrence B. Flanagan (1998-) AmeriFlux CA-Let Alberta - Mixed Grass Prairie, 10.17190/AMF/1436318", "AmeriFlux", 
"CA-Man", "15759", "GRP_DOI", "10.17190/AMF/1245997", "Brian Amiro (1994-2008) AmeriFlux CA-Man Manitoba - Northern Old Black Spruce (former BOREAS Northern Study Area), 10.17190/AMF/1245997", "AmeriFlux", 
"CA-MR3", "85256", "GRP_DOI", "10.17190/AMF/1480320", "John Gamon (2012-) AmeriFlux CA-MR3 Mattheis Ranch - E3 South, 10.17190/AMF/1480320", "AmeriFlux", 
"CA-MR5", "85255", "GRP_DOI", "10.17190/AMF/1480321", "John Gamon (2012-) AmeriFlux CA-MR5 Mattheis Ranch - E5 North, 10.17190/AMF/1480321", "AmeriFlux", 
"CA-Na1", "81562", "GRP_DOI", "10.17190/AMF/1436319", "Charles P.-A. Bourque (2003-) AmeriFlux CA-Na1 New Brunswick - 1967 Balsam Fir - Nashwaak Lake Site 01 (Mature balsam fir forest), 10.17190/AMF/1436319", "AmeriFlux", 
"CA-NS1", "15733", "GRP_DOI", "10.17190/AMF/1245998", "Mike Goulden (2002-2005) AmeriFlux CA-NS1 UCI-1850 burn site, 10.17190/AMF/1245998", "AmeriFlux", 
"CA-NS2", "15634", "GRP_DOI", "10.17190/AMF/1245999", "Mike Goulden (2001-2005) AmeriFlux CA-NS2 UCI-1930 burn site, 10.17190/AMF/1245999", "AmeriFlux", 
"CA-NS3", "15696", "GRP_DOI", "10.17190/AMF/1246000", "Mike Goulden (2001-2005) AmeriFlux CA-NS3 UCI-1964 burn site, 10.17190/AMF/1246000", "AmeriFlux", 
"CA-NS4", "15751", "GRP_DOI", "10.17190/AMF/1246001", "Mike Goulden (2002-2004) AmeriFlux CA-NS4 UCI-1964 burn site wet, 10.17190/AMF/1246001", "AmeriFlux", 
"CA-NS5", "15687", "GRP_DOI", "10.17190/AMF/1246002", "Mike Goulden (2001-2005) AmeriFlux CA-NS5 UCI-1981 burn site, 10.17190/AMF/1246002", "AmeriFlux", 
"CA-NS6", "15650", "GRP_DOI", "10.17190/AMF/1246003", "Mike Goulden (2001-2005) AmeriFlux CA-NS6 UCI-1989 burn site, 10.17190/AMF/1246003", "AmeriFlux", 
"CA-NS7", "15690", "GRP_DOI", "10.17190/AMF/1246004", "Mike Goulden (2002-2005) AmeriFlux CA-NS7 UCI-1998 burn site, 10.17190/AMF/1246004", "AmeriFlux", 
"CA-NS8", "15682", "GRP_DOI", "10.17190/AMF/1246005", "Mike Goulden (2001-2005) AmeriFlux CA-NS8 UCI-2003 burn site, 10.17190/AMF/1246005", "AmeriFlux", 
"CA-Oas", "33540", "GRP_DOI", "10.17190/AMF/1375197", "T. Andrew Black (1997-) AmeriFlux CA-Oas Saskatchewan - Western Boreal, Mature Aspen, 10.17190/AMF/1375197", "AmeriFlux", 
"CA-Obs", "33541", "GRP_DOI", "10.17190/AMF/1375198", "T. Andrew Black (1999-) AmeriFlux CA-Obs Saskatchewan - Western Boreal, Mature Black Spruce, 10.17190/AMF/1375198", "AmeriFlux", 
"CA-Ojp", "33542", "GRP_DOI", "10.17190/AMF/1375199", "Andrew T. Black (1999-) AmeriFlux CA-Ojp Saskatchewan - Western Boreal, Mature Jack Pine, 10.17190/AMF/1375199", "AmeriFlux", 
"CA-Qc2", "79479", "GRP_DOI", "10.17190/AMF/1419514", "Hank Margolis (2007-) AmeriFlux CA-Qc2 Quebec - 1975 Harvested Black Spruce (HBS75), 10.17190/AMF/1419514", "AmeriFlux", 
"CA-Qcu", "15819", "GRP_DOI", "10.17190/AMF/1246828", "Hank A. Margolis (2001-) AmeriFlux CA-Qcu Quebec - Eastern Boreal, Black Spruce/Jack Pine Cutover, 10.17190/AMF/1246828", "AmeriFlux", 
"CA-Qfo", "15822", "GRP_DOI", "10.17190/AMF/1246829", "Hank A. Margolis (2003-) AmeriFlux CA-Qfo Quebec - Eastern Boreal, Mature Black Spruce, 10.17190/AMF/1246829", "AmeriFlux", 
"CA-SCB", "86009", "GRP_DOI", "10.17190/AMF/1498754", "Oliver Sonnentag, William L Quinton (2014-2017) AmeriFlux CA-SCB Scotty Creek Bog, 10.17190/AMF/1498754", "AmeriFlux", 
"CA-SCC", "85011", "GRP_DOI", "10.17190/AMF/1480303", "Oliver Sonnentag, William L Quinton (2013-2016) AmeriFlux CA-SCC Scotty Creek Landscape, 10.17190/AMF/1480303", "AmeriFlux", 
"CA-SF1", "15622", "GRP_DOI", "10.17190/AMF/1246006", "Brian Amiro (2004-2006) AmeriFlux CA-SF1 Saskatchewan - Western Boreal, forest burned in 1977, 10.17190/AMF/1246006", "AmeriFlux", 
"CA-SF2", "15649", "GRP_DOI", "10.17190/AMF/1246007", "Brian Amiro (2001-2005) AmeriFlux CA-SF2 Saskatchewan - Western Boreal, forest burned in 1989, 10.17190/AMF/1246007", "AmeriFlux", 
"CA-SF3", "15655", "GRP_DOI", "10.17190/AMF/1246008", "Brian Amiro (2001-2006) AmeriFlux CA-SF3 Saskatchewan - Western Boreal, forest burned in 1998, 10.17190/AMF/1246008", "AmeriFlux", 
"CA-SJ1", "81563", "GRP_DOI", "10.17190/AMF/1436320", "Alan Barr (2001-) AmeriFlux CA-SJ1 Saskatchewan - Western Boreal, Jack Pine forest harvested in 1994, 10.17190/AMF/1436320", "AmeriFlux", 
"CA-SJ2", "81559", "GRP_DOI", "10.17190/AMF/1436321", "Alan Barr, Andrew T. Black (2003-) AmeriFlux CA-SJ2 Saskatchewan - Western Boreal, Jack Pine forest harvested in 2002, 10.17190/AMF/1436321", "AmeriFlux", 
"CA-SJ3", "81558", "GRP_DOI", "10.17190/AMF/1436322", "Alan Barr (2004-) AmeriFlux CA-SJ3 Saskatchewan - Western Boreal, Jack Pine forest harvested in 1975 (BOREAS Young Jack Pine), 10.17190/AMF/1436322", "AmeriFlux", 
"CA-TP1", "15648", "GRP_DOI", "10.17190/AMF/1246009", "M. Altaf Arain (2003-) AmeriFlux CA-TP1 Ontario - Turkey Point 2002 Plantation White Pine, 10.17190/AMF/1246009", "AmeriFlux", 
"CA-TP2", "15611", "GRP_DOI", "10.17190/AMF/1246010", "M. Altaf Arain (2003-2008) AmeriFlux CA-TP2 Ontario - Turkey Point 1989 Plantation White Pine, 10.17190/AMF/1246010", "AmeriFlux", 
"CA-TP3", "15707", "GRP_DOI", "10.17190/AMF/1246011", "M. Altaf Arain (2003-) AmeriFlux CA-TP3 Ontario - Turkey Point 1974 Plantation White Pine, 10.17190/AMF/1246011", "AmeriFlux", 
"CA-TP4", "15693", "GRP_DOI", "10.17190/AMF/1246012", "M. Altaf Arain (2003-) AmeriFlux CA-TP4 Ontario - Turkey Point 1939 Plantation White Pine, 10.17190/AMF/1246012", "AmeriFlux", 
"CA-TPD", "15671", "GRP_DOI", "10.17190/AMF/1246152", "M. Altaf Arain (2012-) AmeriFlux CA-TPD Ontario - Turkey Point Mature Deciduous, 10.17190/AMF/1246152", "AmeriFlux", 
"CA-WP1", "81561", "GRP_DOI", "10.17190/AMF/1436323", "Lawrence B. Flanagan (2003-) AmeriFlux CA-WP1 Alberta - Western Peatland - LaBiche River,Black Spruce/Larch Fen, 10.17190/AMF/1436323", "AmeriFlux", 
"CA-WP2", "81560", "GRP_DOI", "10.17190/AMF/1436324", "Lawrence B. Flanagan (2004-2004) AmeriFlux CA-WP2 Alberta - Western Peatland - Poor Fen (Sphagnum moss), 10.17190/AMF/1436324", "AmeriFlux", 
"CA-WP3", "81568", "GRP_DOI", "10.17190/AMF/1436325", "Lawrence B. Flanagan (2004-2004) AmeriFlux CA-WP3 Alberta - Western Peatland - Rich Fen  (Carex), 10.17190/AMF/1436325", "AmeriFlux", 
"CR-Lse", "15695", "GRP_DOI", "10.17190/AMF/1246013", "Hank Loescher (1998-) AmeriFlux CR-Lse La Selva, 10.17190/AMF/1246013", "AmeriFlux", 
"MX-Lpa", "15680", "GRP_DOI", "10.17190/AMF/1246014", "Walter Oechel (2001-) AmeriFlux MX-Lpa La Paz, 10.17190/AMF/1246014", "AmeriFlux", 
"US-A03", "86010", "GRP_DOI", "10.17190/AMF/1498752", "David Cook (2014-) AmeriFlux US-A03 ARM-AMF3-Oliktok, 10.17190/AMF/1498752", "AmeriFlux", 
"US-A10", "86011", "GRP_DOI", "10.17190/AMF/1498753", "David Cook (2012-) AmeriFlux US-A10 ARM-NSA-Barrow, 10.17190/AMF/1498753", "AmeriFlux", 
"US-A32", "81557", "GRP_DOI", "10.17190/AMF/1436327", "Lara Kueppers, Margaret Torn, Sebastien Biraud (2015-) AmeriFlux US-A32 ARM-SGP Medford hay pasture, 10.17190/AMF/1436327", "AmeriFlux", 
"US-A74", "81567", "GRP_DOI", "10.17190/AMF/1436328", "Lara Kueppers, Margaret Torn, Sebastien Biraud (2016-) AmeriFlux US-A74 ARM SGP milo field, 10.17190/AMF/1436328", "AmeriFlux", 
"US-ADR", "79333", "GRP_DOI", "10.17190/AMF/1418680", "Michael Moreo (2011-) AmeriFlux US-ADR Amargosa Desert Research Site (ADRS), 10.17190/AMF/1418680", "AmeriFlux", 
"US-Akn", "15688", "GRP_DOI", "10.17190/AMF/1246141", "Monique Leclerc (2011-2014) AmeriFlux US-Akn Aiken, 10.17190/AMF/1246141", "AmeriFlux", 
"US-ALQ", "85251", "GRP_DOI", "10.17190/AMF/1480323", "Brent Olson (2015-2017) AmeriFlux US-ALQ Allequash Creek Site, 10.17190/AMF/1480323", "AmeriFlux", 
"US-An1", "15712", "GRP_DOI", "10.17190/AMF/1246142", "Adrian Rocha, Gaius Shaver, John Hobbie (2008-) AmeriFlux US-An1 Anaktuvuk River Severe Burn, 10.17190/AMF/1246142", "AmeriFlux", 
"US-An2", "15635", "GRP_DOI", "10.17190/AMF/1246143", "Adrian Rocha, Gaius Shaver, John Hobbie (2008-) AmeriFlux US-An2 Anaktuvuk River Moderate Burn, 10.17190/AMF/1246143", "AmeriFlux", 
"US-An3", "15681", "GRP_DOI", "10.17190/AMF/1246144", "Adrian Rocha, Gaius Shaver, John Hobbie (2008-) AmeriFlux US-An3 Anaktuvuk River Unburned, 10.17190/AMF/1246144", "AmeriFlux", 
"US-AR1", "15705", "GRP_DOI", "10.17190/AMF/1246137", "Dave Billesbach, James Bradford, Margaret Torn (2009-2011) AmeriFlux US-AR1 ARM USDA UNL OSU Woodward Switchgrass 1, 10.17190/AMF/1246137", "AmeriFlux", 
"US-AR2", "15630", "GRP_DOI", "10.17190/AMF/1246138", "Dave Billesbach, James Bradford, Margaret Torn (2009-2012) AmeriFlux US-AR2 ARM USDA UNL OSU Woodward Switchgrass 2, 10.17190/AMF/1246138", "AmeriFlux", 
"US-ARb", "15747", "GRP_DOI", "10.17190/AMF/1246025", "Margaret Torn (2005-2006) AmeriFlux US-ARb ARM Southern Great Plains burn site- Lamont, 10.17190/AMF/1246025", "AmeriFlux", 
"US-ARc", "15726", "GRP_DOI", "10.17190/AMF/1246026", "Margaret Torn (2005-2006) AmeriFlux US-ARc ARM Southern Great Plains control site- Lamont, 10.17190/AMF/1246026", "AmeriFlux", 
"US-ARM", "15755", "GRP_DOI", "10.17190/AMF/1246027", "Sebastien Biraud, Marc Fischer, Stephen Chan, Margaret Torn (2002-) AmeriFlux US-ARM ARM Southern Great Plains site- Lamont, 10.17190/AMF/1246027", "AmeriFlux", 
"US-Atq", "15644", "GRP_DOI", "10.17190/AMF/1246029", "Donatella Zona, Walt Oechel (1999-) AmeriFlux US-Atq Atqasuk, 10.17190/AMF/1246029", "AmeriFlux", 
"US-Aud", "15686", "GRP_DOI", "10.17190/AMF/1246028", "Tilden Meyers (2002-) AmeriFlux US-Aud Audubon Research Ranch, 10.17190/AMF/1246028", "AmeriFlux", 
"US-Bar", "15639", "GRP_DOI", "10.17190/AMF/1246030", "Andrew Richardson (2004-) AmeriFlux US-Bar Bartlett Experimental Forest, 10.17190/AMF/1246030", "AmeriFlux", 
"US-Bi1", "85252", "GRP_DOI", "10.17190/AMF/1480317", "Dennis Baldocchi (2016-) AmeriFlux US-Bi1 Bouldin Island Alfalfa, 10.17190/AMF/1480317", "AmeriFlux", 
"US-Bi2", "79480", "GRP_DOI", "10.17190/AMF/1419513", "Dennis Baldocchi (2017-) AmeriFlux US-Bi2 Bouldin Island corn, 10.17190/AMF/1419513", "AmeriFlux", 
"US-Bkg", "15632", "GRP_DOI", "10.17190/AMF/1246040", "Tilden Meyers (2004-) AmeriFlux US-Bkg Brookings, 10.17190/AMF/1246040", "AmeriFlux", 
"US-Blk", "15627", "GRP_DOI", "10.17190/AMF/1246031", "Tilden Meyers (2003-2008) AmeriFlux US-Blk Black Hills, 10.17190/AMF/1246031", "AmeriFlux", 
"US-Blo", "15676", "GRP_DOI", "10.17190/AMF/1246032", "Allen Goldstein (1997-2006) AmeriFlux US-Blo Blodgett Forest, 10.17190/AMF/1246032", "AmeriFlux", 
"US-Bn1", "15736", "GRP_DOI", "10.17190/AMF/1246033", "James Randerson (2003-2004) AmeriFlux US-Bn1 Bonanza Creek, 1920 Burn site near Delta Junction, 10.17190/AMF/1246033", "AmeriFlux", 
"US-Bn2", "15642", "GRP_DOI", "10.17190/AMF/1246034", "James Randerson (2003-) AmeriFlux US-Bn2 Bonanza Creek, 1987 Burn site near Delta Junction, 10.17190/AMF/1246034", "AmeriFlux", 
"US-Bn3", "15647", "GRP_DOI", "10.17190/AMF/1246035", "James Randerson (2003-) AmeriFlux US-Bn3 Bonanza Creek, 1999 Burn site near Delta Junction, 10.17190/AMF/1246035", "AmeriFlux", 
"US-Bo1", "15620", "GRP_DOI", "10.17190/AMF/1246036", "Tilden Meyers (1996-) AmeriFlux US-Bo1 Bondville, 10.17190/AMF/1246036", "AmeriFlux", 
"US-Bo2", "15685", "GRP_DOI", "10.17190/AMF/1246037", "Carl Bernacchi (2004-2008) AmeriFlux US-Bo2 Bondville (companion site), 10.17190/AMF/1246037", "AmeriFlux", 
"US-Br1", "15658", "GRP_DOI", "10.17190/AMF/1246038", "John Prueger, Tim Parkin (2001-) AmeriFlux US-Br1 Brooks Field Site 10- Ames, 10.17190/AMF/1246038", "AmeriFlux", 
"US-Br3", "15732", "GRP_DOI", "10.17190/AMF/1246039", "John Prueger, Tim Parkin (2001-) AmeriFlux US-Br3 Brooks Field Site 11- Ames, 10.17190/AMF/1246039", "AmeriFlux", 
"US-Brw", "15612", "GRP_DOI", "10.17190/AMF/1246041", "Donatella Zona, Walt Oechel (1998-) AmeriFlux US-Brw Barrow, 10.17190/AMF/1246041", "AmeriFlux", 
"US-CaV", "15628", "GRP_DOI", "10.17190/AMF/1246042", "Tilden Meyers (2004-) AmeriFlux US-CaV Canaan Valley, 10.17190/AMF/1246042", "AmeriFlux", 
"US-Ced", "15758", "GRP_DOI", "10.17190/AMF/1246043", "Ken Clark (2005-) AmeriFlux US-Ced Cedar Bridge, 10.17190/AMF/1246043", "AmeriFlux", 
"US-CF1", "87133", "GRP_DOI", "10.17190/AMF/1543382", "Dave Huggins (2017-) AmeriFlux US-CF1 CAF-LTAR Cook East, 10.17190/AMF/1543382", "AmeriFlux", 
"US-CF2", "87131", "GRP_DOI", "10.17190/AMF/1543383", "Dave Huggins (2017-) AmeriFlux US-CF2 CAF-LTAR Cook West, 10.17190/AMF/1543383", "AmeriFlux", 
"US-CF3", "87127", "GRP_DOI", "10.17190/AMF/1543385", "Dave Huggins (2017-) AmeriFlux US-CF3 CAF-LTAR Boyd North, 10.17190/AMF/1543385", "AmeriFlux", 
"US-CF4", "87124", "GRP_DOI", "10.17190/AMF/1543384", "Dave Huggins (2017-) AmeriFlux US-CF4 CAF-LTAR Boyd South, 10.17190/AMF/1543384", "AmeriFlux", 
"US-ChR", "15748", "GRP_DOI", "10.17190/AMF/1246044", "Tilden Meyers (2005-) AmeriFlux US-ChR Chestnut Ridge, 10.17190/AMF/1246044", "AmeriFlux", 
"US-Cop", "15663", "GRP_DOI", "10.17190/AMF/1246129", "David Bowling (2001-2007) AmeriFlux US-Cop Corral Pocket, 10.17190/AMF/1246129", "AmeriFlux", 
"US-CPk", "15664", "GRP_DOI", "10.17190/AMF/1246150", "Brent Ewers, Elise Pendall (2009-) AmeriFlux US-CPk Chimney Park, 10.17190/AMF/1246150", "AmeriFlux", 
"US-CRT", "15683", "GRP_DOI", "10.17190/AMF/1246156", "Jiquan Chen, Housen Chu (2011-2013) AmeriFlux US-CRT Curtice Walter-Berger cropland, 10.17190/AMF/1246156", "AmeriFlux", 
"US-Ctn", "15613", "GRP_DOI", "10.17190/AMF/1246117", "Tilden Meyers (2007-2009) AmeriFlux US-Ctn Cottonwood, 10.17190/AMF/1246117", "AmeriFlux", 
"US-CZ2", "79475", "GRP_DOI", "10.17190/AMF/1419510", "Michael Goulden (2010-) AmeriFlux US-CZ2 Sierra Critical Zone, Sierra Transect, Ponderosa Pine Forest, Soaproot Saddle, 10.17190/AMF/1419510", "AmeriFlux", 
"US-CZ3", "79477", "GRP_DOI", "10.17190/AMF/1419512", "Michael Goulden (2008-) AmeriFlux US-CZ3 Sierra Critical Zone, Sierra Transect, Sierran Mixed Conifer, P301, 10.17190/AMF/1419512", "AmeriFlux", 
"US-CZ4", "79483", "GRP_DOI", "10.17190/AMF/1419511", "Michael Goulden (2009-) AmeriFlux US-CZ4 Sierra Critical Zone, Sierra Transect, Subalpine Forest, Shorthair, 10.17190/AMF/1419511", "AmeriFlux", 
"US-Dia", "15724", "GRP_DOI", "10.17190/AMF/1246146", "Sonia Wharton (2010-2015) AmeriFlux US-Dia Diablo, 10.17190/AMF/1246146", "AmeriFlux", 
"US-Dix", "15629", "GRP_DOI", "10.17190/AMF/1246045", "Ken Clark (2005-2008) AmeriFlux US-Dix Fort Dix, 10.17190/AMF/1246045", "AmeriFlux", 
"US-Dk1", "15670", "GRP_DOI", "10.17190/AMF/1246046", "Chris Oishi, Kim Novick, Paul Stoy (2001-2008) AmeriFlux US-Dk1 Duke Forest-open field, 10.17190/AMF/1246046", "AmeriFlux", 
"US-Dk2", "15637", "GRP_DOI", "10.17190/AMF/1246047", "Chris Oishi, Kim Novick, Paul Stoy (2001-2008) AmeriFlux US-Dk2 Duke Forest-hardwoods, 10.17190/AMF/1246047", "AmeriFlux", 
"US-Dk3", "15641", "GRP_DOI", "10.17190/AMF/1246048", "Chris Oishi, Kim Novick, Paul Stoy (2001-2008) AmeriFlux US-Dk3 Duke Forest - loblolly pine, 10.17190/AMF/1246048", "AmeriFlux", 
"US-DPW", "87985", "GRP_DOI", "10.17190/AMF/1562387", "Charless Ross Hinkle (2013-2017) AmeriFlux US-DPW Disney Wilderness Preserve Wetland, 10.17190/AMF/1562387", "AmeriFlux", 
"US-EDN", "87119", "GRP_DOI", "10.17190/AMF/1543381", "Patty Oikawa (2018-) AmeriFlux US-EDN Eden Landing Ecological Reserve, 10.17190/AMF/1543381", "AmeriFlux", 
"US-Elm", "15769", "GRP_DOI", "10.17190/AMF/1246118", "Gregory Starr, Steve Oberbauer (2007-) AmeriFlux US-Elm Everglades (long hydroperiod marsh), 10.17190/AMF/1246118", "AmeriFlux", 
"US-EML", "79334", "GRP_DOI", "10.17190/AMF/1418678", "Ted Schuur (2008-) AmeriFlux US-EML Eight Mile Lake Permafrost thaw gradient, Healy Alaska., 10.17190/AMF/1418678", "AmeriFlux", 
"US-Esm", "15643", "GRP_DOI", "10.17190/AMF/1246119", "Gregory Starr, Steve Oberbauer (2007-) AmeriFlux US-Esm Everglades (short hydroperiod marsh), 10.17190/AMF/1246119", "AmeriFlux", 
"US-Fcr", "87983", "GRP_DOI", "10.17190/AMF/1562388", "Masahito Ueyama, Hiroki Iwata, Yoshinobu Harazono (2011-2014) AmeriFlux US-Fcr Cascaden Ridge Fire Scar, 10.17190/AMF/1562388", "AmeriFlux", 
"US-Fmf", "15691", "GRP_DOI", "10.17190/AMF/1246050", "Sabina Dore, Thomas Kolb (2006-2010) AmeriFlux US-Fmf Flagstaff - Managed Forest, 10.17190/AMF/1246050", "AmeriFlux", 
"US-FPe", "15762", "GRP_DOI", "10.17190/AMF/1246053", "Tilden Meyers (2000-) AmeriFlux US-FPe Fort Peck, 10.17190/AMF/1246053", "AmeriFlux", 
"US-FR2", "15615", "GRP_DOI", "10.17190/AMF/1246054", "Marcy Litvak (2004-) AmeriFlux US-FR2 Freeman Ranch- Mesquite Juniper, 10.17190/AMF/1246054", "AmeriFlux", 
"US-FR3", "15743", "GRP_DOI", "10.17190/AMF/1246055", "Jim Heilman (2004-) AmeriFlux US-FR3 Freeman Ranch- Woodland, 10.17190/AMF/1246055", "AmeriFlux", 
"US-Fuf", "15746", "GRP_DOI", "10.17190/AMF/1246051", "Sabina Dore, Thomas Kolb (2006-2010) AmeriFlux US-Fuf Flagstaff - Unmanaged Forest, 10.17190/AMF/1246051", "AmeriFlux", 
"US-Fwf", "15660", "GRP_DOI", "10.17190/AMF/1246052", "Sabina Dore, Thomas Kolb (2006-2010) AmeriFlux US-Fwf Flagstaff - Wildfire, 10.17190/AMF/1246052", "AmeriFlux", 
"US-GBT", "33551", "GRP_DOI", "10.17190/AMF/1375200", "Bill Massman (1991-2006) AmeriFlux US-GBT GLEES Brooklyn Tower, 10.17190/AMF/1375200", "AmeriFlux", 
"US-GLE", "15740", "GRP_DOI", "10.17190/AMF/1246056", "Bill Massman (2004-) AmeriFlux US-GLE GLEES, 10.17190/AMF/1246056", "AmeriFlux", 
"US-GMF", "15623", "GRP_DOI", "10.17190/AMF/1246057", "Xuhui Lee (1999-2004) AmeriFlux US-GMF Great Mountain Forest, 10.17190/AMF/1246057", "AmeriFlux", 
"US-Goo", "15713", "GRP_DOI", "10.17190/AMF/1246058", "Tilden Meyers (2002-2006) AmeriFlux US-Goo Goodwin Creek, 10.17190/AMF/1246058", "AmeriFlux", 
"US-Ha1", "15667", "GRP_DOI", "10.17190/AMF/1246059", "J. William Munger (1991-) AmeriFlux US-Ha1 Harvard Forest EMS Tower (HFR1), 10.17190/AMF/1246059", "AmeriFlux", 
"US-Ha2", "15703", "GRP_DOI", "10.17190/AMF/1246060", "William Munger (2004-) AmeriFlux US-Ha2 Harvard Forest Hemlock Site, 10.17190/AMF/1246060", "AmeriFlux", 
"US-Hn2", "87989", "GRP_DOI", "10.17190/AMF/1562389", "Heping Liu, Maoyi Huang, Xingyuan Chen (2015-) AmeriFlux US-Hn2 Hanford 100H grassland, 10.17190/AMF/1562389", "AmeriFlux", 
"US-Hn3", "87132", "GRP_DOI", "10.17190/AMF/1543379", "Heping Liu, Maoyi Huang, Xingyuan Chen (2017-) AmeriFlux US-Hn3 Hanford 100H sagebrush, 10.17190/AMF/1543379", "AmeriFlux", 
"US-Ho1", "15651", "GRP_DOI", "10.17190/AMF/1246061", "David Hollinger (1996-) AmeriFlux US-Ho1 Howland Forest (main tower), 10.17190/AMF/1246061", "AmeriFlux", 
"US-Ho2", "15673", "GRP_DOI", "10.17190/AMF/1246062", "David Hollinger (1999-) AmeriFlux US-Ho2 Howland Forest (west tower), 10.17190/AMF/1246062", "AmeriFlux", 
"US-Ho3", "15753", "GRP_DOI", "10.17190/AMF/1246063", "David Hollinger (2000-) AmeriFlux US-Ho3 Howland Forest (harvest site), 10.17190/AMF/1246063", "AmeriFlux", 
"US-HRA", "87130", "GRP_DOI", "10.17190/AMF/1543376", "Benjamin R. K. Runkle (2017-2017) AmeriFlux US-HRA Humnoke Farm Rice Field - AWD, 10.17190/AMF/1543376", "AmeriFlux", 
"US-HRC", "87123", "GRP_DOI", "10.17190/AMF/1543375", "Michele L. Reba (None-) AmeriFlux US-HRC Humnoke Farm Rice Field - conventional, 10.17190/AMF/1543375", "AmeriFlux", 
"US-HVa", "15725", "GRP_DOI", "10.17190/AMF/1246064", "Walt Oechel (1994-1995) AmeriFlux US-HVa Happy Valley, 10.17190/AMF/1246064", "AmeriFlux", 
"US-IB1", "15737", "GRP_DOI", "10.17190/AMF/1246065", "Roser Matamala (2005-) AmeriFlux US-IB1 Fermi National Accelerator Laboratory- Batavia (Agricultural site), 10.17190/AMF/1246065", "AmeriFlux", 
"US-IB2", "15692", "GRP_DOI", "10.17190/AMF/1246066", "Roser Matamala (2004-) AmeriFlux US-IB2 Fermi National Accelerator Laboratory- Batavia (Prairie site), 10.17190/AMF/1246066", "AmeriFlux", 
"US-ICh", "15766", "GRP_DOI", "10.17190/AMF/1246133", "Eugenie Euskirchen, Gaius Shaver, Syndonia Bret-Harte (2007-) AmeriFlux US-ICh Imnavait Creek Watershed Heath Tundra, 10.17190/AMF/1246133", "AmeriFlux", 
"US-ICs", "15750", "GRP_DOI", "10.17190/AMF/1246130", "Eugenie Euskirchen, Gaius Shaver, Syndonia Bret-Harte (2007-) AmeriFlux US-ICs Imnavait Creek Watershed Wet Sedge Tundra, 10.17190/AMF/1246130", "AmeriFlux", 
"US-ICt", "15621", "GRP_DOI", "10.17190/AMF/1246131", "Eugenie Euskirchen, Gaius Shaver, Syndonia Bret-Harte (2007-) AmeriFlux US-ICt Imnavait Creek Watershed Tussock Tundra, 10.17190/AMF/1246131", "AmeriFlux", 
"US-Ivo", "15638", "GRP_DOI", "10.17190/AMF/1246067", "Donatella Zona, Walter Oechel (2003-) AmeriFlux US-Ivo Ivotuk, 10.17190/AMF/1246067", "AmeriFlux", 
"US-KFS", "15708", "GRP_DOI", "10.17190/AMF/1246132", "Nathaniel Brunsell (2007-) AmeriFlux US-KFS Kansas Field Station, 10.17190/AMF/1246132", "AmeriFlux", 
"US-KLS", "86014", "GRP_DOI", "10.17190/AMF/1498745", "Nathaniel Brunsell (2012-) AmeriFlux US-KLS Kansas Land Institute, 10.17190/AMF/1498745", "AmeriFlux", 
"US-Kon", "15661", "GRP_DOI", "10.17190/AMF/1246068", "Nathaniel Brunsell (2006-) AmeriFlux US-Kon Konza Prairie LTER (KNZ), 10.17190/AMF/1246068", "AmeriFlux", 
"US-KS1", "15716", "GRP_DOI", "10.17190/AMF/1246069", "Bert Drake, Ross Hinkle (2002-2005) AmeriFlux US-KS1 Kennedy Space Center (slash pine), 10.17190/AMF/1246069", "AmeriFlux", 
"US-KS2", "15678", "GRP_DOI", "10.17190/AMF/1246070", "Bert Drake, Ross Hinkle (2000-2006) AmeriFlux US-KS2 Kennedy Space Center (scrub oak), 10.17190/AMF/1246070", "AmeriFlux", 
"US-KS3", "87984", "GRP_DOI", "10.17190/AMF/1562390", "Ross Hinkle (2017-) AmeriFlux US-KS3 Kennedy Space Center (salt marsh), 10.17190/AMF/1562390", "AmeriFlux", 
"US-KUT", "15761", "GRP_DOI", "10.17190/AMF/1246145", "Joe McFadden (2005-2009) AmeriFlux US-KUT KUOM Turfgrass Field, 10.17190/AMF/1246145", "AmeriFlux", 
"US-LA1", "87128", "GRP_DOI", "10.17190/AMF/1543386", "Ken Krauss (2001-2012) AmeriFlux US-LA1 Pointe-aux-Chenes Brackish Marsh, 10.17190/AMF/1543386", "AmeriFlux", 
"US-LA2", "87125", "GRP_DOI", "10.17190/AMF/1543387", "Ken Krauss (2011-2013) AmeriFlux US-LA2 Salvador WMA Freshwater Marsh, 10.17190/AMF/1543387", "AmeriFlux", 
"US-Lin", "15820", "GRP_DOI", "10.17190/AMF/1246830", "Silvano Fares (2009-2010) AmeriFlux US-Lin Lindcove Orange Orchard, 10.17190/AMF/1246830", "AmeriFlux", 
"US-Los", "15763", "GRP_DOI", "10.17190/AMF/1246071", "Ankur Desai (2001-) AmeriFlux US-Los Lost Creek, 10.17190/AMF/1246071", "AmeriFlux", 
"US-LPH", "15768", "GRP_DOI", "10.17190/AMF/1246072", "Julian Hadley (2002-) AmeriFlux US-LPH Little Prospect Hill, 10.17190/AMF/1246072", "AmeriFlux", 
"US-LWW", "15702", "GRP_DOI", "10.17190/AMF/1246073", "Tilden Meyers (1997-1998) AmeriFlux US-LWW Little Washita Watershed, 10.17190/AMF/1246073", "AmeriFlux", 
"US-Me1", "15679", "GRP_DOI", "10.17190/AMF/1246074", "Bev Law (2004-2005) AmeriFlux US-Me1 Metolius - Eyerly burn, 10.17190/AMF/1246074", "AmeriFlux", 
"US-Me2", "15668", "GRP_DOI", "10.17190/AMF/1246076", "Bev Law (2002-) AmeriFlux US-Me2 Metolius mature ponderosa pine, 10.17190/AMF/1246076", "AmeriFlux", 
"US-Me3", "15754", "GRP_DOI", "10.17190/AMF/1246077", "Bev Law (2004-2009) AmeriFlux US-Me3 Metolius-second young aged pine, 10.17190/AMF/1246077", "AmeriFlux", 
"US-Me4", "15734", "GRP_DOI", "10.17190/AMF/1246078", "Bev Law (1996-2000) AmeriFlux US-Me4 Metolius-old aged ponderosa pine, 10.17190/AMF/1246078", "AmeriFlux", 
"US-Me5", "15653", "GRP_DOI", "10.17190/AMF/1246079", "Bev Law (1999-2002) AmeriFlux US-Me5 Metolius-first young aged pine, 10.17190/AMF/1246079", "AmeriFlux", 
"US-Me6", "15609", "GRP_DOI", "10.17190/AMF/1246128", "Bev Law (2010-) AmeriFlux US-Me6 Metolius Young Pine Burn, 10.17190/AMF/1246128", "AmeriFlux", 
"US-Men", "81464", "GRP_DOI", "10.17190/AMF/1433375", "Ankur Desai (2012-) AmeriFlux US-Men Lake Mendota, Center for Limnology Site, 10.17190/AMF/1433375", "AmeriFlux", 
"US-MMS", "15722", "GRP_DOI", "10.17190/AMF/1246080", "Kim Novick, Rich Phillips (1999-) AmeriFlux US-MMS Morgan Monroe State Forest, 10.17190/AMF/1246080", "AmeriFlux", 
"US-MOz", "15624", "GRP_DOI", "10.17190/AMF/1246081", "Jeffrey Wood, Lianhong Gu (2004-) AmeriFlux US-MOz Missouri Ozark Site, 10.17190/AMF/1246081", "AmeriFlux", 
"US-Mpj", "15704", "GRP_DOI", "10.17190/AMF/1246123", "Marcy Litvak (2007-) AmeriFlux US-Mpj Mountainair Pinyon-Juniper Woodland, 10.17190/AMF/1246123", "AmeriFlux", 
"US-MRf", "15610", "GRP_DOI", "10.17190/AMF/1246049", "Bev Law (2005-) AmeriFlux US-MRf Mary's River (Fir) site, 10.17190/AMF/1246049", "AmeriFlux", 
"US-Myb", "15684", "GRP_DOI", "10.17190/AMF/1246139", "Dennis Baldocchi (2010-) AmeriFlux US-Myb Mayberry Wetland, 10.17190/AMF/1246139", "AmeriFlux", 
"US-NC1", "15625", "GRP_DOI", "10.17190/AMF/1246082", "Asko Noormets (2005-2013) AmeriFlux US-NC1 NC_Clearcut, 10.17190/AMF/1246082", "AmeriFlux", 
"US-NC2", "15675", "GRP_DOI", "10.17190/AMF/1246083", "Asko Noormets (2005-) AmeriFlux US-NC2 NC_Loblolly Plantation, 10.17190/AMF/1246083", "AmeriFlux", 
"US-NC3", "79476", "GRP_DOI", "10.17190/AMF/1419506", "Asko Noormets (2013-) AmeriFlux US-NC3 NC_Clearcut#3, 10.17190/AMF/1419506", "AmeriFlux", 
"US-NC4", "85248", "GRP_DOI", "10.17190/AMF/1480314", "Asko Noormets (2009-) AmeriFlux US-NC4 NC_AlligatorRiver, 10.17190/AMF/1480314", "AmeriFlux", 
"US-Ne1", "15714", "GRP_DOI", "10.17190/AMF/1246084", "Andy Suyker (2001-) AmeriFlux US-Ne1 Mead - irrigated continuous maize site, 10.17190/AMF/1246084", "AmeriFlux", 
"US-Ne2", "15665", "GRP_DOI", "10.17190/AMF/1246085", "Andy Suyker (2001-) AmeriFlux US-Ne2 Mead - irrigated maize-soybean rotation site, 10.17190/AMF/1246085", "AmeriFlux", 
"US-Ne3", "15729", "GRP_DOI", "10.17190/AMF/1246086", "Andy Suyker (2001-) AmeriFlux US-Ne3 Mead - rainfed maize-soybean rotation site, 10.17190/AMF/1246086", "AmeriFlux", 
"US-NGB", "81564", "GRP_DOI", "10.17190/AMF/1436326", "Margaret Torn (2012-) AmeriFlux US-NGB NGEE Arctic Barrow, 10.17190/AMF/1436326", "AmeriFlux", 
"US-NMj", "15699", "GRP_DOI", "10.17190/AMF/1246087", "Jiquan Chen (2001-2007) AmeriFlux US-NMj Northern Michigan Jack Pine Stand, 10.17190/AMF/1246087", "AmeriFlux", 
"US-NR1", "15757", "GRP_DOI", "10.17190/AMF/1246088", "Peter D. Blanken, Russel K. Monson, Sean P. Burns, David R. Bowling, Andrew A. Turnipseed (1998-) AmeriFlux US-NR1 Niwot Ridge Forest (LTER NWT1), 10.17190/AMF/1246088", "AmeriFlux", 
"US-Oho", "15721", "GRP_DOI", "10.17190/AMF/1246089", "Jiquan Chen, Housen Chu, Asko Noormets (2004-2013) AmeriFlux US-Oho Oak Openings, 10.17190/AMF/1246089", "AmeriFlux", 
"US-ORv", "15652", "GRP_DOI", "10.17190/AMF/1246135", "Gil Bohrer (2011-2016) AmeriFlux US-ORv Olentangy River Wetland Research Park, 10.17190/AMF/1246135", "AmeriFlux", 
"US-OWC", "79337", "GRP_DOI", "10.17190/AMF/1418679", "Gil Bohrer (2015-) AmeriFlux US-OWC Old Woman Creek, 10.17190/AMF/1418679", "AmeriFlux", 
"US-PFa", "15745", "GRP_DOI", "10.17190/AMF/1246090", "Ankur Desai (1996-) AmeriFlux US-PFa Park Falls/WLEF, 10.17190/AMF/1246090", "AmeriFlux", 
"US-PHM", "87129", "GRP_DOI", "10.17190/AMF/1543377", "Anne Giblin (2013-) AmeriFlux US-PHM Plum Island High Marsh, 10.17190/AMF/1543377", "AmeriFlux", 
"US-Pnp", "81463", "GRP_DOI", "10.17190/AMF/1433376", "Ankur Desai (2016-) AmeriFlux US-Pnp Lake Mendota, Picnic Point Site, 10.17190/AMF/1433376", "AmeriFlux", 
"US-Pon", "15711", "GRP_DOI", "10.17190/AMF/1246091", "Shashi Verma (1997-2001) AmeriFlux US-Pon Ponca City, 10.17190/AMF/1246091", "AmeriFlux", 
"US-Prr", "15616", "GRP_DOI", "10.17190/AMF/1246153", "Hideki Kobayashi, Rikie Suzuki (2011-) AmeriFlux US-Prr Poker Flat Research Range Black Spruce Forest, 10.17190/AMF/1246153", "AmeriFlux", 
"US-RC1", "86015", "GRP_DOI", "10.17190/AMF/1498748", "Brian Lamb, Shelley Pressley (2011-2016) AmeriFlux US-RC1 Cook Agronomy Farm - No Till, 10.17190/AMF/1498748", "AmeriFlux", 
"US-RC2", "86016", "GRP_DOI", "10.17190/AMF/1498747", "Brian Lamb, Shelley Pressley (2012-2016) AmeriFlux US-RC2 Cook Agronomy Farm - Conventional Till, 10.17190/AMF/1498747", "AmeriFlux", 
"US-RC3", "86017", "GRP_DOI", "10.17190/AMF/1498749", "Brian Lamb, Shelley Pressley (2011-2016) AmeriFlux US-RC3 WSU Lind Dryland Research Station, 10.17190/AMF/1498749", "AmeriFlux", 
"US-RC4", "86018", "GRP_DOI", "10.17190/AMF/1498750", "Brian Lamb, Shelley Pressley (2012-2016) AmeriFlux US-RC4 Moscow Mountain on-farm site, 10.17190/AMF/1498750", "AmeriFlux", 
"US-RC5", "86019", "GRP_DOI", "10.17190/AMF/1498751", "Brian Lamb, Shelley Pressley (2013-2015) AmeriFlux US-RC5 Moses Lake on-farm site, 10.17190/AMF/1498751", "AmeriFlux", 
"US-Rls", "79336", "GRP_DOI", "10.17190/AMF/1418682", "Gerald Flerchinger (2014-) AmeriFlux US-Rls RCEW Low Sagebrush, 10.17190/AMF/1418682", "AmeriFlux", 
"US-Rms", "33568", "GRP_DOI", "10.17190/AMF/1375202", "Gerald Flerchinger (2014-) AmeriFlux US-Rms RCEW Mountain Big Sagebrush, 10.17190/AMF/1375202", "AmeriFlux", 
"US-Ro1", "15760", "GRP_DOI", "10.17190/AMF/1246092", "John Baker, Tim Griffis, Timothy Griffis (2003-2017) AmeriFlux US-Ro1 Rosemount- G21, 10.17190/AMF/1246092", "AmeriFlux", 
"US-Ro2", "79339", "GRP_DOI", "10.17190/AMF/1418683", "John Baker, Tim Griffis (2003-2017) AmeriFlux US-Ro2 Rosemount- C7, 10.17190/AMF/1418683", "AmeriFlux", 
"US-Ro3", "15619", "GRP_DOI", "10.17190/AMF/1246093", "John Baker, Tim Griffis (2003-2010) AmeriFlux US-Ro3 Rosemount- G19, 10.17190/AMF/1246093", "AmeriFlux", 
"US-Ro4", "79481", "GRP_DOI", "10.17190/AMF/1419507", "John Baker, Tim Griffis (2014-) AmeriFlux US-Ro4 Rosemount Prairie, 10.17190/AMF/1419507", "AmeriFlux", 
"US-Ro5", "79478", "GRP_DOI", "10.17190/AMF/1419508", "John Baker, Tim Griffis (2017-) AmeriFlux US-Ro5 Rosemount I18_South, 10.17190/AMF/1419508", "AmeriFlux", 
"US-Ro6", "79482", "GRP_DOI", "10.17190/AMF/1419509", "John Baker, Tim Griffis (2017-) AmeriFlux US-Ro6 Rosemount I18_North, 10.17190/AMF/1419509", "AmeriFlux", 
"US-Rws", "33569", "GRP_DOI", "10.17190/AMF/1375201", "Gerald Flerchinger (2014-) AmeriFlux US-Rws Reynolds Creek Wyoming big sagebrush, 10.17190/AMF/1375201", "AmeriFlux", 
"US-SCd", "79526", "GRP_DOI", "10.17190/AMF/1419505", "Mike Goulden (2007-) AmeriFlux US-SCd Southern California Climate Gradient - Sonoran Desert, 10.17190/AMF/1419505", "AmeriFlux", 
"US-SCf", "79528", "GRP_DOI", "10.17190/AMF/1419503", "Mike Goulden (2007-) AmeriFlux US-SCf Southern California Climate Gradient - Oak/Pine Forest, 10.17190/AMF/1419503", "AmeriFlux", 
"US-SCg", "79527", "GRP_DOI", "10.17190/AMF/1419502", "Mike Goulden (2007-) AmeriFlux US-SCg Southern California Climate Gradient - Grassland, 10.17190/AMF/1419502", "AmeriFlux", 
"US-SCs", "79529", "GRP_DOI", "10.17190/AMF/1419501", "Mike Goulden (2007-) AmeriFlux US-SCs Southern California Climate Gradient - Coastal Sage, 10.17190/AMF/1419501", "AmeriFlux", 
"US-SCw", "79530", "GRP_DOI", "10.17190/AMF/1419504", "Mike Goulden (2007-) AmeriFlux US-SCw Southern California Climate Gradient - Pinyon/Juniper Woodland, 10.17190/AMF/1419504", "AmeriFlux", 
"US-SdH", "15767", "GRP_DOI", "10.17190/AMF/1246136", "Dave Billesbach, Tim J. Arkebauer (2004-) AmeriFlux US-SdH Nebraska SandHills Dry Valley, 10.17190/AMF/1246136", "AmeriFlux", 
"US-Seg", "15646", "GRP_DOI", "10.17190/AMF/1246124", "Marcy Litvak (2007-) AmeriFlux US-Seg Sevilleta grassland, 10.17190/AMF/1246124", "AmeriFlux", 
"US-Ses", "15717", "GRP_DOI", "10.17190/AMF/1246125", "Marcy Litvak (2007-) AmeriFlux US-Ses Sevilleta shrubland, 10.17190/AMF/1246125", "AmeriFlux", 
"US-SFP", "15706", "GRP_DOI", "10.17190/AMF/1246126", "Tilden Meyers (2007-) AmeriFlux US-SFP Sioux Falls Portable, 10.17190/AMF/1246126", "AmeriFlux", 
"US-Shd", "15718", "GRP_DOI", "10.17190/AMF/1246095", "Shashi Verma (1997-2001) AmeriFlux US-Shd Shidler- Oklahoma, 10.17190/AMF/1246095", "AmeriFlux", 
"US-Skr", "15771", "GRP_DOI", "10.17190/AMF/1246105", "Jose Fuentes (2004-) AmeriFlux US-Skr Shark River Slough (Tower SRS-6)  Everglades, 10.17190/AMF/1246105", "AmeriFlux", 
"US-Slt", "15662", "GRP_DOI", "10.17190/AMF/1246096", "Ken Clark (2004-) AmeriFlux US-Slt Silas Little- New Jersey, 10.17190/AMF/1246096", "AmeriFlux", 
"US-Snd", "15640", "GRP_DOI", "10.17190/AMF/1246094", "Dennis Baldocchi (2007-2015) AmeriFlux US-Snd Sherman Island, 10.17190/AMF/1246094", "AmeriFlux", 
"US-Sne", "79338", "GRP_DOI", "10.17190/AMF/1418684", "Dennis Baldocchi (2016-) AmeriFlux US-Sne Sherman Island Restored Wetland, 10.17190/AMF/1418684", "AmeriFlux", 
"US-SO2", "15700", "GRP_DOI", "10.17190/AMF/1246097", "Walt Oechel (1997-) AmeriFlux US-SO2 Sky Oaks- Old Stand, 10.17190/AMF/1246097", "AmeriFlux", 
"US-SO3", "15710", "GRP_DOI", "10.17190/AMF/1246098", "Walt Oechel (1997-) AmeriFlux US-SO3 Sky Oaks- Young Stand, 10.17190/AMF/1246098", "AmeriFlux", 
"US-SO4", "15715", "GRP_DOI", "10.17190/AMF/1246099", "Walt Oechel (2004-) AmeriFlux US-SO4 Sky Oaks- New Stand, 10.17190/AMF/1246099", "AmeriFlux", 
"US-SP1", "15709", "GRP_DOI", "10.17190/AMF/1246100", "Tim Martin (2000-) AmeriFlux US-SP1 Slashpine-Austin Cary- 65yrs nat regen, 10.17190/AMF/1246100", "AmeriFlux", 
"US-SP2", "15689", "GRP_DOI", "10.17190/AMF/1246101", "Tim Martin (1998-2008) AmeriFlux US-SP2 Slashpine-Mize-clearcut-3yr,regen, 10.17190/AMF/1246101", "AmeriFlux", 
"US-SP3", "15666", "GRP_DOI", "10.17190/AMF/1246102", "Tim Martin (1999-) AmeriFlux US-SP3 Slashpine-Donaldson-mid-rot- 12yrs, 10.17190/AMF/1246102", "AmeriFlux", 
"US-SP4", "15677", "GRP_DOI", "10.17190/AMF/1246103", "Tim Martin (1998-1998) AmeriFlux US-SP4 Slashpine-Rayonier-mid-rot- 12yrs, 10.17190/AMF/1246103", "AmeriFlux", 
"US-SRC", "15719", "GRP_DOI", "10.17190/AMF/1246127", "Shirley Kurc (2008-2018) AmeriFlux US-SRC Santa Rita Creosote, 10.17190/AMF/1246127", "AmeriFlux", 
"US-SRG", "15626", "GRP_DOI", "10.17190/AMF/1246154", "Russell Scott (2008-) AmeriFlux US-SRG Santa Rita Grassland, 10.17190/AMF/1246154", "AmeriFlux", 
"US-SRM", "15756", "GRP_DOI", "10.17190/AMF/1246104", "Russell Scott (2004-) AmeriFlux US-SRM Santa Rita Mesquite, 10.17190/AMF/1246104", "AmeriFlux", 
"US-Srr", "79340", "GRP_DOI", "10.17190/AMF/1418685", "Brian Bergamaschi, Lisamarie Windham-Myers (2014-) AmeriFlux US-Srr Suisun marsh - Rush Ranch, 10.17190/AMF/1418685", "AmeriFlux", 
"US-Sta", "15821", "GRP_DOI", "10.17190/AMF/1246831", "Brent Ewers, Elise Pendall (2006-2009) AmeriFlux US-Sta Saratoga, 10.17190/AMF/1246831", "AmeriFlux", 
"US-StJ", "85254", "GRP_DOI", "10.17190/AMF/1480316", "Rodrigo Vargas (2015-) AmeriFlux US-StJ St Jones Reserve, 10.17190/AMF/1480316", "AmeriFlux", 
"US-SuM", "15701", "GRP_DOI", "10.17190/AMF/1246158", "Dong Wang, Ray Anderson (2013-2013) AmeriFlux US-SuM Maui Sugarcane Middle, 10.17190/AMF/1246158", "AmeriFlux", 
"US-SuS", "15659", "GRP_DOI", "10.17190/AMF/1246159", "Dong Wang, Ray Anderson (2011-2013) AmeriFlux US-SuS Maui Sugarcane Lee/Sheltered, 10.17190/AMF/1246159", "AmeriFlux", 
"US-SuW", "15720", "GRP_DOI", "10.17190/AMF/1246157", "Dong Wang, Ray Anderson (2011-2013) AmeriFlux US-SuW Maui Sugarcane Windy, 10.17190/AMF/1246157", "AmeriFlux", 
"US-Syv", "15741", "GRP_DOI", "10.17190/AMF/1246106", "Ankur Desai (2001-) AmeriFlux US-Syv Sylvania Wilderness Area, 10.17190/AMF/1246106", "AmeriFlux", 
"US-Ton", "15607", "GRP_DOI", "10.17190/AMF/1245971", "Dennis Baldocchi (2001-) AmeriFlux US-Ton Tonzi Ranch, 10.17190/AMF/1245971", "AmeriFlux", 
"US-Tw1", "15723", "GRP_DOI", "10.17190/AMF/1246147", "Dennis Baldocchi (2012-) AmeriFlux US-Tw1 Twitchell Wetland West Pond, 10.17190/AMF/1246147", "AmeriFlux", 
"US-Tw2", "15617", "GRP_DOI", "10.17190/AMF/1246148", "Dennis Baldocchi (2012-2013) AmeriFlux US-Tw2 Twitchell Corn, 10.17190/AMF/1246148", "AmeriFlux", 
"US-Tw3", "15645", "GRP_DOI", "10.17190/AMF/1246149", "Dennis Baldocchi (2013-) AmeriFlux US-Tw3 Twitchell Alfalfa, 10.17190/AMF/1246149", "AmeriFlux", 
"US-Tw4", "15636", "GRP_DOI", "10.17190/AMF/1246151", "Dennis Baldocchi (2013-) AmeriFlux US-Tw4 Twitchell East End Wetland, 10.17190/AMF/1246151", "AmeriFlux", 
"US-Tw5", "87121", "GRP_DOI", "10.17190/AMF/1543380", "Dennis Baldocchi (2018-) AmeriFlux US-Tw5 East Pond Wetland, 10.17190/AMF/1543380", "AmeriFlux", 
"US-Twt", "15633", "GRP_DOI", "10.17190/AMF/1246140", "Dennis Baldocchi (2009-2017) AmeriFlux US-Twt Twitchell Island, 10.17190/AMF/1246140", "AmeriFlux", 
"US-Uaf", "85247", "GRP_DOI", "10.17190/AMF/1480322", "Masahito Ueyama, Hiroki Iwata, Yoshinobu Harazono (2002-) AmeriFlux US-Uaf University of Alaska, Fairbanks, 10.17190/AMF/1480322", "AmeriFlux", 
"US-UM3", "85250", "GRP_DOI", "10.17190/AMF/1480315", "Gil Bohrer (2013-2014) AmeriFlux US-UM3 Douglas Lake, 10.17190/AMF/1480315", "AmeriFlux", 
"US-UMB", "15728", "GRP_DOI", "10.17190/AMF/1246107", "Christopher Gough, Gil Bohrer, Peter Curtis (1999-) AmeriFlux US-UMB Univ. of Mich. Biological Station, 10.17190/AMF/1246107", "AmeriFlux", 
"US-UMd", "15735", "GRP_DOI", "10.17190/AMF/1246134", "Christopher Gough, Gil Bohrer, Peter Curtis (2007-) AmeriFlux US-UMd UMBS Disturbance, 10.17190/AMF/1246134", "AmeriFlux", 
"US-Upa", "15765", "GRP_DOI", "10.17190/AMF/1246108", "Walt Oechel (1993-1994) AmeriFlux US-Upa Upad, 10.17190/AMF/1246108", "AmeriFlux", 
"US-Var", "15608", "GRP_DOI", "10.17190/AMF/1245984", "Dennis Baldocchi (2000-) AmeriFlux US-Var Vaira Ranch- Ione, 10.17190/AMF/1245984", "AmeriFlux", 
"US-Vcm", "15657", "GRP_DOI", "10.17190/AMF/1246121", "Marcy Litvak (2007-) AmeriFlux US-Vcm Valles Caldera Mixed Conifer, 10.17190/AMF/1246121", "AmeriFlux", 
"US-Vcp", "15727", "GRP_DOI", "10.17190/AMF/1246122", "Marcy Litvak (2007-) AmeriFlux US-Vcp Valles Caldera Ponderosa Pine, 10.17190/AMF/1246122", "AmeriFlux", 
"US-Vcs", "79335", "GRP_DOI", "10.17190/AMF/1418681", "Marcy Litvak (2016-) AmeriFlux US-Vcs Valles Caldera Sulphur Springs Mixed Conifer, 10.17190/AMF/1418681", "AmeriFlux", 
"US-WBW", "15614", "GRP_DOI", "10.17190/AMF/1246109", "Tilden Meyers (1995-1999) AmeriFlux US-WBW Walker Branch Watershed, 10.17190/AMF/1246109", "AmeriFlux", 
"US-WCr", "15618", "GRP_DOI", "10.17190/AMF/1246111", "Ankur Desai (1999-) AmeriFlux US-WCr Willow Creek, 10.17190/AMF/1246111", "AmeriFlux", 
"US-Wdn", "15823", "GRP_DOI", "10.17190/AMF/1246832", "Brent Ewers, Elise Pendall (2006-2008) AmeriFlux US-Wdn Walden, 10.17190/AMF/1246832", "AmeriFlux", 
"US-Wgr", "86020", "GRP_DOI", "10.17190/AMF/1498746", "Andres Schmidt, Bev Law (2014-) AmeriFlux US-Wgr Willamette Grass, 10.17190/AMF/1498746", "AmeriFlux", 
"US-Whs", "15631", "GRP_DOI", "10.17190/AMF/1246113", "Russ Scott (2007-) AmeriFlux US-Whs Walnut Gulch Lucky Hills Shrub, 10.17190/AMF/1246113", "AmeriFlux", 
"US-Wi0", "15731", "GRP_DOI", "10.17190/AMF/1246016", "Jiquan Chen (2002-2002) AmeriFlux US-Wi0 Young red pine (YRP), 10.17190/AMF/1246016", "AmeriFlux", 
"US-Wi1", "15698", "GRP_DOI", "10.17190/AMF/1246015", "Jiquan Chen (2003-2003) AmeriFlux US-Wi1 Intermediate hardwood (IHW), 10.17190/AMF/1246015", "AmeriFlux", 
"US-Wi2", "15744", "GRP_DOI", "10.17190/AMF/1246017", "Jiquan Chen (2003-2003) AmeriFlux US-Wi2 Intermediate red pine (IRP), 10.17190/AMF/1246017", "AmeriFlux", 
"US-Wi3", "15694", "GRP_DOI", "10.17190/AMF/1246018", "Jiquan Chen (2002-2004) AmeriFlux US-Wi3 Mature hardwood (MHW), 10.17190/AMF/1246018", "AmeriFlux", 
"US-Wi4", "15752", "GRP_DOI", "10.17190/AMF/1246019", "Jiquan Chen (2002-2005) AmeriFlux US-Wi4 Mature red pine (MRP), 10.17190/AMF/1246019", "AmeriFlux", 
"US-Wi5", "15749", "GRP_DOI", "10.17190/AMF/1246020", "Jiquan Chen (2004-2004) AmeriFlux US-Wi5 Mixed young jack pine (MYJP), 10.17190/AMF/1246020", "AmeriFlux", 
"US-Wi6", "15738", "GRP_DOI", "10.17190/AMF/1246021", "Jiquan Chen (2002-2002) AmeriFlux US-Wi6 Pine barrens #1 (PB1), 10.17190/AMF/1246021", "AmeriFlux", 
"US-Wi7", "15739", "GRP_DOI", "10.17190/AMF/1246022", "Jiquan Chen (2005-2005) AmeriFlux US-Wi7 Red pine clearcut (RPCC), 10.17190/AMF/1246022", "AmeriFlux", 
"US-Wi8", "15654", "GRP_DOI", "10.17190/AMF/1246023", "Jiquan Chen (2002-2002) AmeriFlux US-Wi8 Young hardwood clearcut (YHW), 10.17190/AMF/1246023", "AmeriFlux", 
"US-Wi9", "15669", "GRP_DOI", "10.17190/AMF/1246024", "Jiquan Chen (2004-2005) AmeriFlux US-Wi9 Young Jack pine (YJP), 10.17190/AMF/1246024", "AmeriFlux", 
"US-Wjs", "15656", "GRP_DOI", "10.17190/AMF/1246120", "Marcy Litvak (2007-) AmeriFlux US-Wjs Willard Juniper Savannah, 10.17190/AMF/1246120", "AmeriFlux", 
"US-Wkg", "15764", "GRP_DOI", "10.17190/AMF/1246112", "Russell Scott (2004-) AmeriFlux US-Wkg Walnut Gulch Kendall Grasslands, 10.17190/AMF/1246112", "AmeriFlux", 
"US-Wlr", "15770", "GRP_DOI", "10.17190/AMF/1246115", "David Cook, Richard L. Coulter (2001-2004) AmeriFlux US-Wlr Walnut River Watershed (Smileyburg), 10.17190/AMF/1246115", "AmeriFlux", 
"US-WPT", "15672", "GRP_DOI", "10.17190/AMF/1246155", "Jiquan Chen, Housen Chu (2011-2013) AmeriFlux US-WPT Winous Point North Marsh, 10.17190/AMF/1246155", "AmeriFlux", 
"US-Wrc", "15742", "GRP_DOI", "10.17190/AMF/1246114", "Sonia Wharton (1998-2016) AmeriFlux US-Wrc Wind River Crane Site, 10.17190/AMF/1246114", "AmeriFlux", 
"US-xHA", "87987", "GRP_DOI", "10.17190/AMF/1562391", "Cove Sturtevant, David Durden, Stefan Metzger (2017-) AmeriFlux US-xHA NEON Harvard Forest (HARV), 10.17190/AMF/1562391", "AmeriFlux", 
"US-xKZ", "87988", "GRP_DOI", "10.17190/AMF/1562392", "Cove Sturtevant, David Durden, Stefan Metzger (2017-) AmeriFlux US-xKZ NEON Konza Prairie Biological Station (KONZ), 10.17190/AMF/1562392", "AmeriFlux", 
