"SITE_ID", "GROUP_ID", "VARIABLE_GROUP", "URL_AMERIFLUX", 
"AR-TF1", "24001056", "GRP_URL_AMERIFLUX", "http://ameriflux.lbl.gov/sites/siteinfo/AR-TF1", 
"AR-TF2", "24001055", "GRP_URL_AMERIFLUX", "http://ameriflux.lbl.gov/sites/siteinfo/AR-TF2", 
"BR-CMT", "24000713", "GRP_URL_AMERIFLUX", "http://ameriflux.lbl.gov/sites/siteinfo/BR-CMT", 
"BR-CST", "24001064", "GRP_URL_AMERIFLUX", "http://ameriflux.lbl.gov/sites/siteinfo/BR-CST", 
"BR-Cui", "24000941", "GRP_URL_AMERIFLUX", "http://ameriflux.lbl.gov/sites/siteinfo/BR-Cui", 
"BR-Ma2", "24000031", "GRP_URL_AMERIFLUX", "http://ameriflux.lbl.gov/sites/siteinfo/BR-Ma2", 
"BR-Npw", "24001063", "GRP_URL_AMERIFLUX", "http://ameriflux.lbl.gov/sites/siteinfo/BR-Npw", 
"BR-PRS", "24001110", "GRP_URL_AMERIFLUX", "http://ameriflux.lbl.gov/sites/siteinfo/BR-PRS", 
"BR-Sa1", "24000034", "GRP_URL_AMERIFLUX", "http://ameriflux.lbl.gov/sites/siteinfo/BR-Sa1", 
"BR-Sa3", "24000036", "GRP_URL_AMERIFLUX", "http://ameriflux.lbl.gov/sites/siteinfo/BR-Sa3", 
"CA-ARB", "24000719", "GRP_URL_AMERIFLUX", "http://ameriflux.lbl.gov/sites/siteinfo/CA-ARB", 
"CA-ARF", "24000718", "GRP_URL_AMERIFLUX", "http://ameriflux.lbl.gov/sites/siteinfo/CA-ARF", 
"CA-Ca1", "24000051", "GRP_URL_AMERIFLUX", "http://ameriflux.lbl.gov/sites/siteinfo/CA-Ca1", 
"CA-Ca2", "24000052", "GRP_URL_AMERIFLUX", "http://ameriflux.lbl.gov/sites/siteinfo/CA-Ca2", 
"CA-Ca3", "24000053", "GRP_URL_AMERIFLUX", "http://ameriflux.lbl.gov/sites/siteinfo/CA-Ca3", 
"CA-Cbo", "24000054", "GRP_URL_AMERIFLUX", "http://ameriflux.lbl.gov/sites/siteinfo/CA-Cbo", 
"CA-CF1", "24000703", "GRP_URL_AMERIFLUX", "http://ameriflux.lbl.gov/sites/siteinfo/CA-CF1", 
"CA-CF2", "24000704", "GRP_URL_AMERIFLUX", "http://ameriflux.lbl.gov/sites/siteinfo/CA-CF2", 
"CA-Cha", "24000055", "GRP_URL_AMERIFLUX", "http://ameriflux.lbl.gov/sites/siteinfo/CA-Cha", 
"CA-DBB", "24000706", "GRP_URL_AMERIFLUX", "http://ameriflux.lbl.gov/sites/siteinfo/CA-DBB", 
"CA-DL1", "24000534", "GRP_URL_AMERIFLUX", "http://ameriflux.lbl.gov/sites/siteinfo/CA-DL1", 
"CA-DL2", "24000535", "GRP_URL_AMERIFLUX", "http://ameriflux.lbl.gov/sites/siteinfo/CA-DL2", 
"CA-ER1", "24000966", "GRP_URL_AMERIFLUX", "http://ameriflux.lbl.gov/sites/siteinfo/CA-ER1", 
"CA-Fen", "24000078", "GRP_URL_AMERIFLUX", "http://ameriflux.lbl.gov/sites/siteinfo/CA-Fen", 
"CA-Gro", "24000056", "GRP_URL_AMERIFLUX", "http://ameriflux.lbl.gov/sites/siteinfo/CA-Gro", 
"CA-HPC", "24000971", "GRP_URL_AMERIFLUX", "http://ameriflux.lbl.gov/sites/siteinfo/CA-HPC", 
"CA-JMW", "24000854", "GRP_URL_AMERIFLUX", "http://ameriflux.lbl.gov/sites/siteinfo/CA-JMW", 
"CA-KLP", "24000720", "GRP_URL_AMERIFLUX", "http://ameriflux.lbl.gov/sites/siteinfo/CA-KLP", 
"CA-Let", "24000057", "GRP_URL_AMERIFLUX", "http://ameriflux.lbl.gov/sites/siteinfo/CA-Let", 
"CA-LuM", "24000665", "GRP_URL_AMERIFLUX", "http://ameriflux.lbl.gov/sites/siteinfo/CA-LuM", 
"CA-MA1", "24000671", "GRP_URL_AMERIFLUX", "http://ameriflux.lbl.gov/sites/siteinfo/CA-MA1", 
"CA-MA2", "24000672", "GRP_URL_AMERIFLUX", "http://ameriflux.lbl.gov/sites/siteinfo/CA-MA2", 
"CA-MA3", "24000673", "GRP_URL_AMERIFLUX", "http://ameriflux.lbl.gov/sites/siteinfo/CA-MA3", 
"CA-Man", "24000058", "GRP_URL_AMERIFLUX", "http://ameriflux.lbl.gov/sites/siteinfo/CA-Man", 
"CA-Mer", "24000059", "GRP_URL_AMERIFLUX", "http://ameriflux.lbl.gov/sites/siteinfo/CA-Mer", 
"CA-MR3", "24000945", "GRP_URL_AMERIFLUX", "http://ameriflux.lbl.gov/sites/siteinfo/CA-MR3", 
"CA-MR5", "24000946", "GRP_URL_AMERIFLUX", "http://ameriflux.lbl.gov/sites/siteinfo/CA-MR5", 
"CA-Na1", "24000060", "GRP_URL_AMERIFLUX", "http://ameriflux.lbl.gov/sites/siteinfo/CA-Na1", 
"CA-Na2", "24000061", "GRP_URL_AMERIFLUX", "http://ameriflux.lbl.gov/sites/siteinfo/CA-Na2", 
"CA-NS1", "24000062", "GRP_URL_AMERIFLUX", "http://ameriflux.lbl.gov/sites/siteinfo/CA-NS1", 
"CA-NS2", "24000063", "GRP_URL_AMERIFLUX", "http://ameriflux.lbl.gov/sites/siteinfo/CA-NS2", 
"CA-NS3", "24000064", "GRP_URL_AMERIFLUX", "http://ameriflux.lbl.gov/sites/siteinfo/CA-NS3", 
"CA-NS4", "24000065", "GRP_URL_AMERIFLUX", "http://ameriflux.lbl.gov/sites/siteinfo/CA-NS4", 
"CA-NS5", "24000066", "GRP_URL_AMERIFLUX", "http://ameriflux.lbl.gov/sites/siteinfo/CA-NS5", 
"CA-NS6", "24000067", "GRP_URL_AMERIFLUX", "http://ameriflux.lbl.gov/sites/siteinfo/CA-NS6", 
"CA-NS7", "24000068", "GRP_URL_AMERIFLUX", "http://ameriflux.lbl.gov/sites/siteinfo/CA-NS7", 
"CA-NS8", "24000069", "GRP_URL_AMERIFLUX", "http://ameriflux.lbl.gov/sites/siteinfo/CA-NS8", 
"CA-Oas", "24000070", "GRP_URL_AMERIFLUX", "http://ameriflux.lbl.gov/sites/siteinfo/CA-Oas", 
"CA-Obs", "24000071", "GRP_URL_AMERIFLUX", "http://ameriflux.lbl.gov/sites/siteinfo/CA-Obs", 
"CA-Ojp", "24000072", "GRP_URL_AMERIFLUX", "http://ameriflux.lbl.gov/sites/siteinfo/CA-Ojp", 
"CA-Qc2", "24000855", "GRP_URL_AMERIFLUX", "http://ameriflux.lbl.gov/sites/siteinfo/CA-Qc2", 
"CA-Qcu", "24000073", "GRP_URL_AMERIFLUX", "http://ameriflux.lbl.gov/sites/siteinfo/CA-Qcu", 
"CA-Qfo", "24000074", "GRP_URL_AMERIFLUX", "http://ameriflux.lbl.gov/sites/siteinfo/CA-Qfo", 
"CA-RPn", "24001041", "GRP_URL_AMERIFLUX", "http://ameriflux.lbl.gov/sites/siteinfo/CA-RPn", 
"CA-RPp", "24001042", "GRP_URL_AMERIFLUX", "http://ameriflux.lbl.gov/sites/siteinfo/CA-RPp", 
"CA-SCB", "24001033", "GRP_URL_AMERIFLUX", "http://ameriflux.lbl.gov/sites/siteinfo/CA-SCB", 
"CA-SCC", "24000692", "GRP_URL_AMERIFLUX", "http://ameriflux.lbl.gov/sites/siteinfo/CA-SCC", 
"CA-SF1", "24000075", "GRP_URL_AMERIFLUX", "http://ameriflux.lbl.gov/sites/siteinfo/CA-SF1", 
"CA-SF2", "24000076", "GRP_URL_AMERIFLUX", "http://ameriflux.lbl.gov/sites/siteinfo/CA-SF2", 
"CA-SF3", "24000077", "GRP_URL_AMERIFLUX", "http://ameriflux.lbl.gov/sites/siteinfo/CA-SF3", 
"CA-SJ1", "24000079", "GRP_URL_AMERIFLUX", "http://ameriflux.lbl.gov/sites/siteinfo/CA-SJ1", 
"CA-SJ2", "24000080", "GRP_URL_AMERIFLUX", "http://ameriflux.lbl.gov/sites/siteinfo/CA-SJ2", 
"CA-SJ3", "24000081", "GRP_URL_AMERIFLUX", "http://ameriflux.lbl.gov/sites/siteinfo/CA-SJ3", 
"CA-SMC", "24000969", "GRP_URL_AMERIFLUX", "http://ameriflux.lbl.gov/sites/siteinfo/CA-SMC", 
"CA-TP1", "24000082", "GRP_URL_AMERIFLUX", "http://ameriflux.lbl.gov/sites/siteinfo/CA-TP1", 
"CA-TP2", "24000083", "GRP_URL_AMERIFLUX", "http://ameriflux.lbl.gov/sites/siteinfo/CA-TP2", 
"CA-TP3", "24000084", "GRP_URL_AMERIFLUX", "http://ameriflux.lbl.gov/sites/siteinfo/CA-TP3", 
"CA-TP4", "24000085", "GRP_URL_AMERIFLUX", "http://ameriflux.lbl.gov/sites/siteinfo/CA-TP4", 
"CA-TPD", "24000524", "GRP_URL_AMERIFLUX", "http://ameriflux.lbl.gov/sites/siteinfo/CA-TPD", 
"CA-TVC", "24000970", "GRP_URL_AMERIFLUX", "http://ameriflux.lbl.gov/sites/siteinfo/CA-TVC", 
"CA-WP1", "24000086", "GRP_URL_AMERIFLUX", "http://ameriflux.lbl.gov/sites/siteinfo/CA-WP1", 
"CA-WP2", "24000087", "GRP_URL_AMERIFLUX", "http://ameriflux.lbl.gov/sites/siteinfo/CA-WP2", 
"CA-WP3", "24000088", "GRP_URL_AMERIFLUX", "http://ameriflux.lbl.gov/sites/siteinfo/CA-WP3", 
"CL-SDF", "24000686", "GRP_URL_AMERIFLUX", "http://ameriflux.lbl.gov/sites/siteinfo/CL-SDF", 
"CL-SDP", "24000687", "GRP_URL_AMERIFLUX", "http://ameriflux.lbl.gov/sites/siteinfo/CL-SDP", 
"CR-Fsc", "24000717", "GRP_URL_AMERIFLUX", "http://ameriflux.lbl.gov/sites/siteinfo/CR-Fsc", 
"CR-Lse", "24000118", "GRP_URL_AMERIFLUX", "http://ameriflux.lbl.gov/sites/siteinfo/CR-Lse", 
"CR-Nmr", "24000716", "GRP_URL_AMERIFLUX", "http://ameriflux.lbl.gov/sites/siteinfo/CR-Nmr", 
"CR-SoC", "24000530", "GRP_URL_AMERIFLUX", "http://ameriflux.lbl.gov/sites/siteinfo/CR-SoC", 
"MX-EMg", "24000828", "GRP_URL_AMERIFLUX", "http://ameriflux.lbl.gov/sites/siteinfo/MX-EMg", 
"MX-Lpa", "24000245", "GRP_URL_AMERIFLUX", "http://ameriflux.lbl.gov/sites/siteinfo/MX-Lpa", 
"MX-PMm", "24000980", "GRP_URL_AMERIFLUX", "http://ameriflux.lbl.gov/sites/siteinfo/MX-PMm", 
"PA-Bar", "24000516", "GRP_URL_AMERIFLUX", "http://ameriflux.lbl.gov/sites/siteinfo/PA-Bar", 
"PE-QFR", "24001043", "GRP_URL_AMERIFLUX", "http://ameriflux.lbl.gov/sites/siteinfo/PE-QFR", 
"PE-TNR", "24001040", "GRP_URL_AMERIFLUX", "http://ameriflux.lbl.gov/sites/siteinfo/PE-TNR", 
"PR-xGU", "24001030", "GRP_URL_AMERIFLUX", "http://ameriflux.lbl.gov/sites/siteinfo/PR-xGU", 
"PR-xLA", "24001029", "GRP_URL_AMERIFLUX", "http://ameriflux.lbl.gov/sites/siteinfo/PR-xLA", 
"US-A03", "24001006", "GRP_URL_AMERIFLUX", "http://ameriflux.lbl.gov/sites/siteinfo/US-A03", 
"US-A10", "24001008", "GRP_URL_AMERIFLUX", "http://ameriflux.lbl.gov/sites/siteinfo/US-A10", 
"US-A32", "24000683", "GRP_URL_AMERIFLUX", "http://ameriflux.lbl.gov/sites/siteinfo/US-A32", 
"US-A39", "24001007", "GRP_URL_AMERIFLUX", "http://ameriflux.lbl.gov/sites/siteinfo/US-A39", 
"US-A74", "24000684", "GRP_URL_AMERIFLUX", "http://ameriflux.lbl.gov/sites/siteinfo/US-A74", 
"US-Act", "24000973", "GRP_URL_AMERIFLUX", "http://ameriflux.lbl.gov/sites/siteinfo/US-Act", 
"US-ADR", "24000664", "GRP_URL_AMERIFLUX", "http://ameriflux.lbl.gov/sites/siteinfo/US-ADR", 
"US-Akn", "24000507", "GRP_URL_AMERIFLUX", "http://ameriflux.lbl.gov/sites/siteinfo/US-Akn", 
"US-ALQ", "24000981", "GRP_URL_AMERIFLUX", "http://ameriflux.lbl.gov/sites/siteinfo/US-ALQ", 
"US-An1", "24000508", "GRP_URL_AMERIFLUX", "http://ameriflux.lbl.gov/sites/siteinfo/US-An1", 
"US-An2", "24000509", "GRP_URL_AMERIFLUX", "http://ameriflux.lbl.gov/sites/siteinfo/US-An2", 
"US-An3", "24000510", "GRP_URL_AMERIFLUX", "http://ameriflux.lbl.gov/sites/siteinfo/US-An3", 
"US-AR1", "24000503", "GRP_URL_AMERIFLUX", "http://ameriflux.lbl.gov/sites/siteinfo/US-AR1", 
"US-AR2", "24000504", "GRP_URL_AMERIFLUX", "http://ameriflux.lbl.gov/sites/siteinfo/US-AR2", 
"US-ARb", "24000328", "GRP_URL_AMERIFLUX", "http://ameriflux.lbl.gov/sites/siteinfo/US-ARb", 
"US-ARc", "24000329", "GRP_URL_AMERIFLUX", "http://ameriflux.lbl.gov/sites/siteinfo/US-ARc", 
"US-ARM", "24000331", "GRP_URL_AMERIFLUX", "http://ameriflux.lbl.gov/sites/siteinfo/US-ARM", 
"US-ASH", "24001069", "GRP_URL_AMERIFLUX", "http://ameriflux.lbl.gov/sites/siteinfo/US-ASH", 
"US-ASL", "24001067", "GRP_URL_AMERIFLUX", "http://ameriflux.lbl.gov/sites/siteinfo/US-ASL", 
"US-ASM", "24001068", "GRP_URL_AMERIFLUX", "http://ameriflux.lbl.gov/sites/siteinfo/US-ASM", 
"US-Atq", "24000333", "GRP_URL_AMERIFLUX", "http://ameriflux.lbl.gov/sites/siteinfo/US-Atq", 
"US-Aud", "24000332", "GRP_URL_AMERIFLUX", "http://ameriflux.lbl.gov/sites/siteinfo/US-Aud", 
"US-Bar", "24000334", "GRP_URL_AMERIFLUX", "http://ameriflux.lbl.gov/sites/siteinfo/US-Bar", 
"US-BCM", "24001082", "GRP_URL_AMERIFLUX", "http://ameriflux.lbl.gov/sites/siteinfo/US-BCM", 
"US-BdA", "24000553", "GRP_URL_AMERIFLUX", "http://ameriflux.lbl.gov/sites/siteinfo/US-BdA", 
"US-BdC", "24000552", "GRP_URL_AMERIFLUX", "http://ameriflux.lbl.gov/sites/siteinfo/US-BdC", 
"US-Beo", "24000972", "GRP_URL_AMERIFLUX", "http://ameriflux.lbl.gov/sites/siteinfo/US-Beo", 
"US-Bes", "24000529", "GRP_URL_AMERIFLUX", "http://ameriflux.lbl.gov/sites/siteinfo/US-Bes", 
"US-Bi1", "24000690", "GRP_URL_AMERIFLUX", "http://ameriflux.lbl.gov/sites/siteinfo/US-Bi1", 
"US-Bi2", "24000721", "GRP_URL_AMERIFLUX", "http://ameriflux.lbl.gov/sites/siteinfo/US-Bi2", 
"US-Bkg", "24000346", "GRP_URL_AMERIFLUX", "http://ameriflux.lbl.gov/sites/siteinfo/US-Bkg", 
"US-Blk", "24000335", "GRP_URL_AMERIFLUX", "http://ameriflux.lbl.gov/sites/siteinfo/US-Blk", 
"US-Blo", "24000337", "GRP_URL_AMERIFLUX", "http://ameriflux.lbl.gov/sites/siteinfo/US-Blo", 
"US-Bn1", "24000338", "GRP_URL_AMERIFLUX", "http://ameriflux.lbl.gov/sites/siteinfo/US-Bn1", 
"US-Bn2", "24000339", "GRP_URL_AMERIFLUX", "http://ameriflux.lbl.gov/sites/siteinfo/US-Bn2", 
"US-Bn3", "24000340", "GRP_URL_AMERIFLUX", "http://ameriflux.lbl.gov/sites/siteinfo/US-Bn3", 
"US-Bo1", "24000341", "GRP_URL_AMERIFLUX", "http://ameriflux.lbl.gov/sites/siteinfo/US-Bo1", 
"US-Bo2", "24000342", "GRP_URL_AMERIFLUX", "http://ameriflux.lbl.gov/sites/siteinfo/US-Bo2", 
"US-Br1", "24000343", "GRP_URL_AMERIFLUX", "http://ameriflux.lbl.gov/sites/siteinfo/US-Br1", 
"US-Br2", "24000344", "GRP_URL_AMERIFLUX", "http://ameriflux.lbl.gov/sites/siteinfo/US-Br2", 
"US-Br3", "24000345", "GRP_URL_AMERIFLUX", "http://ameriflux.lbl.gov/sites/siteinfo/US-Br3", 
"US-BRG", "24000697", "GRP_URL_AMERIFLUX", "http://ameriflux.lbl.gov/sites/siteinfo/US-BRG", 
"US-Brw", "24000347", "GRP_URL_AMERIFLUX", "http://ameriflux.lbl.gov/sites/siteinfo/US-Brw", 
"US-Bsg", "24000669", "GRP_URL_AMERIFLUX", "http://ameriflux.lbl.gov/sites/siteinfo/US-Bsg", 
"US-BSM", "24000714", "GRP_URL_AMERIFLUX", "http://ameriflux.lbl.gov/sites/siteinfo/US-BSM", 
"US-BZB", "24001077", "GRP_URL_AMERIFLUX", "http://ameriflux.lbl.gov/sites/siteinfo/US-BZB", 
"US-BZF", "24001079", "GRP_URL_AMERIFLUX", "http://ameriflux.lbl.gov/sites/siteinfo/US-BZF", 
"US-BZL", "24001080", "GRP_URL_AMERIFLUX", "http://ameriflux.lbl.gov/sites/siteinfo/US-BZL", 
"US-BZo", "24001078", "GRP_URL_AMERIFLUX", "http://ameriflux.lbl.gov/sites/siteinfo/US-BZo", 
"US-BZS", "24001076", "GRP_URL_AMERIFLUX", "http://ameriflux.lbl.gov/sites/siteinfo/US-BZS", 
"US-CaV", "24000348", "GRP_URL_AMERIFLUX", "http://ameriflux.lbl.gov/sites/siteinfo/US-CaV", 
"US-CdM", "24001072", "GRP_URL_AMERIFLUX", "http://ameriflux.lbl.gov/sites/siteinfo/US-CdM", 
"US-Ced", "24000349", "GRP_URL_AMERIFLUX", "http://ameriflux.lbl.gov/sites/siteinfo/US-Ced", 
"US-CF1", "24000995", "GRP_URL_AMERIFLUX", "http://ameriflux.lbl.gov/sites/siteinfo/US-CF1", 
"US-CF2", "24000996", "GRP_URL_AMERIFLUX", "http://ameriflux.lbl.gov/sites/siteinfo/US-CF2", 
"US-CF3", "24000998", "GRP_URL_AMERIFLUX", "http://ameriflux.lbl.gov/sites/siteinfo/US-CF3", 
"US-CF4", "24000997", "GRP_URL_AMERIFLUX", "http://ameriflux.lbl.gov/sites/siteinfo/US-CF4", 
"US-ChR", "24000350", "GRP_URL_AMERIFLUX", "http://ameriflux.lbl.gov/sites/siteinfo/US-ChR", 
"US-Cms", "24000991", "GRP_URL_AMERIFLUX", "http://ameriflux.lbl.gov/sites/siteinfo/US-Cms", 
"US-Cop", "24000494", "GRP_URL_AMERIFLUX", "http://ameriflux.lbl.gov/sites/siteinfo/US-Cop", 
"US-CPk", "24000521", "GRP_URL_AMERIFLUX", "http://ameriflux.lbl.gov/sites/siteinfo/US-CPk", 
"US-CRT", "24000537", "GRP_URL_AMERIFLUX", "http://ameriflux.lbl.gov/sites/siteinfo/US-CRT", 
"US-CS1", "24000979", "GRP_URL_AMERIFLUX", "http://ameriflux.lbl.gov/sites/siteinfo/US-CS1", 
"US-CS2", "24001084", "GRP_URL_AMERIFLUX", "http://ameriflux.lbl.gov/sites/siteinfo/US-CS2", 
"US-CS3", "24001085", "GRP_URL_AMERIFLUX", "http://ameriflux.lbl.gov/sites/siteinfo/US-CS3", 
"US-Cst", "24000549", "GRP_URL_AMERIFLUX", "http://ameriflux.lbl.gov/sites/siteinfo/US-Cst", 
"US-Ctn", "24000466", "GRP_URL_AMERIFLUX", "http://ameriflux.lbl.gov/sites/siteinfo/US-Ctn", 
"US-Cwt", "24001005", "GRP_URL_AMERIFLUX", "http://ameriflux.lbl.gov/sites/siteinfo/US-Cwt", 
"US-CZ1", "24000705", "GRP_URL_AMERIFLUX", "http://ameriflux.lbl.gov/sites/siteinfo/US-CZ1", 
"US-CZ2", "24000707", "GRP_URL_AMERIFLUX", "http://ameriflux.lbl.gov/sites/siteinfo/US-CZ2", 
"US-CZ3", "24000709", "GRP_URL_AMERIFLUX", "http://ameriflux.lbl.gov/sites/siteinfo/US-CZ3", 
"US-CZ4", "24000708", "GRP_URL_AMERIFLUX", "http://ameriflux.lbl.gov/sites/siteinfo/US-CZ4", 
"US-Dea", "24000526", "GRP_URL_AMERIFLUX", "http://ameriflux.lbl.gov/sites/siteinfo/US-Dea", 
"US-Deu", "24000527", "GRP_URL_AMERIFLUX", "http://ameriflux.lbl.gov/sites/siteinfo/US-Deu", 
"US-DFK", "24001083", "GRP_URL_AMERIFLUX", "http://ameriflux.lbl.gov/sites/siteinfo/US-DFK", 
"US-Dia", "24000512", "GRP_URL_AMERIFLUX", "http://ameriflux.lbl.gov/sites/siteinfo/US-Dia", 
"US-Dix", "24000356", "GRP_URL_AMERIFLUX", "http://ameriflux.lbl.gov/sites/siteinfo/US-Dix", 
"US-Dk1", "24000357", "GRP_URL_AMERIFLUX", "http://ameriflux.lbl.gov/sites/siteinfo/US-Dk1", 
"US-Dk2", "24000358", "GRP_URL_AMERIFLUX", "http://ameriflux.lbl.gov/sites/siteinfo/US-Dk2", 
"US-Dk3", "24000359", "GRP_URL_AMERIFLUX", "http://ameriflux.lbl.gov/sites/siteinfo/US-Dk3", 
"US-DPP", "24001065", "GRP_URL_AMERIFLUX", "http://ameriflux.lbl.gov/sites/siteinfo/US-DPP", 
"US-DPW", "24001074", "GRP_URL_AMERIFLUX", "http://ameriflux.lbl.gov/sites/siteinfo/US-DPW", 
"US-EDN", "24000993", "GRP_URL_AMERIFLUX", "http://ameriflux.lbl.gov/sites/siteinfo/US-EDN", 
"US-Elm", "24000467", "GRP_URL_AMERIFLUX", "http://ameriflux.lbl.gov/sites/siteinfo/US-Elm", 
"US-EML", "24000522", "GRP_URL_AMERIFLUX", "http://ameriflux.lbl.gov/sites/siteinfo/US-EML", 
"US-Esm", "24000468", "GRP_URL_AMERIFLUX", "http://ameriflux.lbl.gov/sites/siteinfo/US-Esm", 
"US-Fcr", "24001016", "GRP_URL_AMERIFLUX", "http://ameriflux.lbl.gov/sites/siteinfo/US-Fcr", 
"US-Fmf", "24000361", "GRP_URL_AMERIFLUX", "http://ameriflux.lbl.gov/sites/siteinfo/US-Fmf", 
"US-FPe", "24000364", "GRP_URL_AMERIFLUX", "http://ameriflux.lbl.gov/sites/siteinfo/US-FPe", 
"US-FR1", "24000365", "GRP_URL_AMERIFLUX", "http://ameriflux.lbl.gov/sites/siteinfo/US-FR1", 
"US-FR2", "24000366", "GRP_URL_AMERIFLUX", "http://ameriflux.lbl.gov/sites/siteinfo/US-FR2", 
"US-FR3", "24000367", "GRP_URL_AMERIFLUX", "http://ameriflux.lbl.gov/sites/siteinfo/US-FR3", 
"US-Fuf", "24000362", "GRP_URL_AMERIFLUX", "http://ameriflux.lbl.gov/sites/siteinfo/US-Fuf", 
"US-Fwf", "24000363", "GRP_URL_AMERIFLUX", "http://ameriflux.lbl.gov/sites/siteinfo/US-Fwf", 
"US-GBT", "24000666", "GRP_URL_AMERIFLUX", "http://ameriflux.lbl.gov/sites/siteinfo/US-GBT", 
"US-GCE", "24001073", "GRP_URL_AMERIFLUX", "http://ameriflux.lbl.gov/sites/siteinfo/US-GCE", 
"US-GLE", "24000368", "GRP_URL_AMERIFLUX", "http://ameriflux.lbl.gov/sites/siteinfo/US-GLE", 
"US-GMF", "24000369", "GRP_URL_AMERIFLUX", "http://ameriflux.lbl.gov/sites/siteinfo/US-GMF", 
"US-Goo", "24000370", "GRP_URL_AMERIFLUX", "http://ameriflux.lbl.gov/sites/siteinfo/US-Goo", 
"US-GZ1", "24001034", "GRP_URL_AMERIFLUX", "http://ameriflux.lbl.gov/sites/siteinfo/US-GZ1", 
"US-GZ2", "24001035", "GRP_URL_AMERIFLUX", "http://ameriflux.lbl.gov/sites/siteinfo/US-GZ2", 
"US-GZ3", "24001036", "GRP_URL_AMERIFLUX", "http://ameriflux.lbl.gov/sites/siteinfo/US-GZ3", 
"US-Ha1", "24000371", "GRP_URL_AMERIFLUX", "http://ameriflux.lbl.gov/sites/siteinfo/US-Ha1", 
"US-Ha2", "24000372", "GRP_URL_AMERIFLUX", "http://ameriflux.lbl.gov/sites/siteinfo/US-Ha2", 
"US-HB1", "24000948", "GRP_URL_AMERIFLUX", "http://ameriflux.lbl.gov/sites/siteinfo/US-HB1", 
"US-HB2", "24000964", "GRP_URL_AMERIFLUX", "http://ameriflux.lbl.gov/sites/siteinfo/US-HB2", 
"US-HB3", "24001062", "GRP_URL_AMERIFLUX", "http://ameriflux.lbl.gov/sites/siteinfo/US-HB3", 
"US-HBK", "24000968", "GRP_URL_AMERIFLUX", "http://ameriflux.lbl.gov/sites/siteinfo/US-HBK", 
"US-Hn1", "24000982", "GRP_URL_AMERIFLUX", "http://ameriflux.lbl.gov/sites/siteinfo/US-Hn1", 
"US-Hn2", "24000983", "GRP_URL_AMERIFLUX", "http://ameriflux.lbl.gov/sites/siteinfo/US-Hn2", 
"US-Hn3", "24000984", "GRP_URL_AMERIFLUX", "http://ameriflux.lbl.gov/sites/siteinfo/US-Hn3", 
"US-Ho1", "24000373", "GRP_URL_AMERIFLUX", "http://ameriflux.lbl.gov/sites/siteinfo/US-Ho1", 
"US-Ho2", "24000374", "GRP_URL_AMERIFLUX", "http://ameriflux.lbl.gov/sites/siteinfo/US-Ho2", 
"US-Ho3", "24000375", "GRP_URL_AMERIFLUX", "http://ameriflux.lbl.gov/sites/siteinfo/US-Ho3", 
"US-HPY", "24000696", "GRP_URL_AMERIFLUX", "http://ameriflux.lbl.gov/sites/siteinfo/US-HPY", 
"US-HRA", "24000541", "GRP_URL_AMERIFLUX", "http://ameriflux.lbl.gov/sites/siteinfo/US-HRA", 
"US-HRC", "24000540", "GRP_URL_AMERIFLUX", "http://ameriflux.lbl.gov/sites/siteinfo/US-HRC", 
"US-HRN", "24001105", "GRP_URL_AMERIFLUX", "http://ameriflux.lbl.gov/sites/siteinfo/US-HRN", 
"US-HRP", "24000715", "GRP_URL_AMERIFLUX", "http://ameriflux.lbl.gov/sites/siteinfo/US-HRP", 
"US-HRS", "24000936", "GRP_URL_AMERIFLUX", "http://ameriflux.lbl.gov/sites/siteinfo/US-HRS", 
"US-HVa", "24000376", "GRP_URL_AMERIFLUX", "http://ameriflux.lbl.gov/sites/siteinfo/US-HVa", 
"US-HVs", "24000992", "GRP_URL_AMERIFLUX", "http://ameriflux.lbl.gov/sites/siteinfo/US-HVs", 
"US-IB1", "24000377", "GRP_URL_AMERIFLUX", "http://ameriflux.lbl.gov/sites/siteinfo/US-IB1", 
"US-IB2", "24000378", "GRP_URL_AMERIFLUX", "http://ameriflux.lbl.gov/sites/siteinfo/US-IB2", 
"US-ICh", "24000499", "GRP_URL_AMERIFLUX", "http://ameriflux.lbl.gov/sites/siteinfo/US-ICh", 
"US-ICs", "24000496", "GRP_URL_AMERIFLUX", "http://ameriflux.lbl.gov/sites/siteinfo/US-ICs", 
"US-ICt", "24000497", "GRP_URL_AMERIFLUX", "http://ameriflux.lbl.gov/sites/siteinfo/US-ICt", 
"US-Ivo", "24000379", "GRP_URL_AMERIFLUX", "http://ameriflux.lbl.gov/sites/siteinfo/US-Ivo", 
"US-JLN", "24001031", "GRP_URL_AMERIFLUX", "http://ameriflux.lbl.gov/sites/siteinfo/US-JLN", 
"US-JLR", "24001032", "GRP_URL_AMERIFLUX", "http://ameriflux.lbl.gov/sites/siteinfo/US-JLR", 
"US-JRn", "24001106", "GRP_URL_AMERIFLUX", "http://ameriflux.lbl.gov/sites/siteinfo/US-JRn", 
"US-KCM", "24000470", "GRP_URL_AMERIFLUX", "http://ameriflux.lbl.gov/sites/siteinfo/US-KCM", 
"US-KFB", "24000547", "GRP_URL_AMERIFLUX", "http://ameriflux.lbl.gov/sites/siteinfo/US-KFB", 
"US-KFS", "24000498", "GRP_URL_AMERIFLUX", "http://ameriflux.lbl.gov/sites/siteinfo/US-KFS", 
"US-KL1", "24000656", "GRP_URL_AMERIFLUX", "http://ameriflux.lbl.gov/sites/siteinfo/US-KL1", 
"US-KL2", "24000657", "GRP_URL_AMERIFLUX", "http://ameriflux.lbl.gov/sites/siteinfo/US-KL2", 
"US-KL3", "24000658", "GRP_URL_AMERIFLUX", "http://ameriflux.lbl.gov/sites/siteinfo/US-KL3", 
"US-KLS", "24000546", "GRP_URL_AMERIFLUX", "http://ameriflux.lbl.gov/sites/siteinfo/US-KLS", 
"US-KM1", "24000659", "GRP_URL_AMERIFLUX", "http://ameriflux.lbl.gov/sites/siteinfo/US-KM1", 
"US-KM2", "24000660", "GRP_URL_AMERIFLUX", "http://ameriflux.lbl.gov/sites/siteinfo/US-KM2", 
"US-KM3", "24000661", "GRP_URL_AMERIFLUX", "http://ameriflux.lbl.gov/sites/siteinfo/US-KM3", 
"US-KM4", "24000662", "GRP_URL_AMERIFLUX", "http://ameriflux.lbl.gov/sites/siteinfo/US-KM4", 
"US-Kon", "24000383", "GRP_URL_AMERIFLUX", "http://ameriflux.lbl.gov/sites/siteinfo/US-Kon", 
"US-KS1", "24000384", "GRP_URL_AMERIFLUX", "http://ameriflux.lbl.gov/sites/siteinfo/US-KS1", 
"US-KS2", "24000385", "GRP_URL_AMERIFLUX", "http://ameriflux.lbl.gov/sites/siteinfo/US-KS2", 
"US-KS3", "24000942", "GRP_URL_AMERIFLUX", "http://ameriflux.lbl.gov/sites/siteinfo/US-KS3", 
"US-KS4", "24000965", "GRP_URL_AMERIFLUX", "http://ameriflux.lbl.gov/sites/siteinfo/US-KS4", 
"US-KUO", "24000386", "GRP_URL_AMERIFLUX", "http://ameriflux.lbl.gov/sites/siteinfo/US-KUO", 
"US-KUT", "24000511", "GRP_URL_AMERIFLUX", "http://ameriflux.lbl.gov/sites/siteinfo/US-KUT", 
"US-LA1", "24001009", "GRP_URL_AMERIFLUX", "http://ameriflux.lbl.gov/sites/siteinfo/US-LA1", 
"US-LA2", "24001010", "GRP_URL_AMERIFLUX", "http://ameriflux.lbl.gov/sites/siteinfo/US-LA2", 
"US-LA3", "24001011", "GRP_URL_AMERIFLUX", "http://ameriflux.lbl.gov/sites/siteinfo/US-LA3", 
"US-LGr", "24000542", "GRP_URL_AMERIFLUX", "http://ameriflux.lbl.gov/sites/siteinfo/US-LGr", 
"US-Lin", "24000513", "GRP_URL_AMERIFLUX", "http://ameriflux.lbl.gov/sites/siteinfo/US-Lin", 
"US-LL1", "24000985", "GRP_URL_AMERIFLUX", "http://ameriflux.lbl.gov/sites/siteinfo/US-LL1", 
"US-LL2", "24000986", "GRP_URL_AMERIFLUX", "http://ameriflux.lbl.gov/sites/siteinfo/US-LL2", 
"US-LL3", "24000987", "GRP_URL_AMERIFLUX", "http://ameriflux.lbl.gov/sites/siteinfo/US-LL3", 
"US-Los", "24000388", "GRP_URL_AMERIFLUX", "http://ameriflux.lbl.gov/sites/siteinfo/US-Los", 
"US-LPH", "24000389", "GRP_URL_AMERIFLUX", "http://ameriflux.lbl.gov/sites/siteinfo/US-LPH", 
"US-LWW", "24000391", "GRP_URL_AMERIFLUX", "http://ameriflux.lbl.gov/sites/siteinfo/US-LWW", 
"US-Me1", "24000393", "GRP_URL_AMERIFLUX", "http://ameriflux.lbl.gov/sites/siteinfo/US-Me1", 
"US-Me2", "24000394", "GRP_URL_AMERIFLUX", "http://ameriflux.lbl.gov/sites/siteinfo/US-Me2", 
"US-Me3", "24000395", "GRP_URL_AMERIFLUX", "http://ameriflux.lbl.gov/sites/siteinfo/US-Me3", 
"US-Me4", "24000396", "GRP_URL_AMERIFLUX", "http://ameriflux.lbl.gov/sites/siteinfo/US-Me4", 
"US-Me5", "24000397", "GRP_URL_AMERIFLUX", "http://ameriflux.lbl.gov/sites/siteinfo/US-Me5", 
"US-Me6", "24000493", "GRP_URL_AMERIFLUX", "http://ameriflux.lbl.gov/sites/siteinfo/US-Me6", 
"US-Men", "24000937", "GRP_URL_AMERIFLUX", "http://ameriflux.lbl.gov/sites/siteinfo/US-Men", 
"US-Mj1", "24000679", "GRP_URL_AMERIFLUX", "http://ameriflux.lbl.gov/sites/siteinfo/US-Mj1", 
"US-Mj2", "24000680", "GRP_URL_AMERIFLUX", "http://ameriflux.lbl.gov/sites/siteinfo/US-Mj2", 
"US-MMS", "24000398", "GRP_URL_AMERIFLUX", "http://ameriflux.lbl.gov/sites/siteinfo/US-MMS", 
"US-MOz", "24000399", "GRP_URL_AMERIFLUX", "http://ameriflux.lbl.gov/sites/siteinfo/US-MOz", 
"US-Mpj", "24000473", "GRP_URL_AMERIFLUX", "http://ameriflux.lbl.gov/sites/siteinfo/US-Mpj", 
"US-MRf", "24000360", "GRP_URL_AMERIFLUX", "http://ameriflux.lbl.gov/sites/siteinfo/US-MRf", 
"US-MRM", "24000695", "GRP_URL_AMERIFLUX", "http://ameriflux.lbl.gov/sites/siteinfo/US-MRM", 
"US-MtB", "24000400", "GRP_URL_AMERIFLUX", "http://ameriflux.lbl.gov/sites/siteinfo/US-MtB", 
"US-Myb", "24000505", "GRP_URL_AMERIFLUX", "http://ameriflux.lbl.gov/sites/siteinfo/US-Myb", 
"US-NC1", "24000401", "GRP_URL_AMERIFLUX", "http://ameriflux.lbl.gov/sites/siteinfo/US-NC1", 
"US-NC2", "24000402", "GRP_URL_AMERIFLUX", "http://ameriflux.lbl.gov/sites/siteinfo/US-NC2", 
"US-NC3", "24000538", "GRP_URL_AMERIFLUX", "http://ameriflux.lbl.gov/sites/siteinfo/US-NC3", 
"US-NC4", "24000539", "GRP_URL_AMERIFLUX", "http://ameriflux.lbl.gov/sites/siteinfo/US-NC4", 
"US-Ne1", "24000403", "GRP_URL_AMERIFLUX", "http://ameriflux.lbl.gov/sites/siteinfo/US-Ne1", 
"US-Ne2", "24000404", "GRP_URL_AMERIFLUX", "http://ameriflux.lbl.gov/sites/siteinfo/US-Ne2", 
"US-Ne3", "24000405", "GRP_URL_AMERIFLUX", "http://ameriflux.lbl.gov/sites/siteinfo/US-Ne3", 
"US-NGB", "24000533", "GRP_URL_AMERIFLUX", "http://ameriflux.lbl.gov/sites/siteinfo/US-NGB", 
"US-NGC", "24000940", "GRP_URL_AMERIFLUX", "http://ameriflux.lbl.gov/sites/siteinfo/US-NGC", 
"US-NMj", "24000406", "GRP_URL_AMERIFLUX", "http://ameriflux.lbl.gov/sites/siteinfo/US-NMj", 
"US-NR1", "24000408", "GRP_URL_AMERIFLUX", "http://ameriflux.lbl.gov/sites/siteinfo/US-NR1", 
"US-NR2", "24000409", "GRP_URL_AMERIFLUX", "http://ameriflux.lbl.gov/sites/siteinfo/US-NR2", 
"US-Nrf", "24000711", "GRP_URL_AMERIFLUX", "http://ameriflux.lbl.gov/sites/siteinfo/US-Nrf", 
"US-Nrs", "24000710", "GRP_URL_AMERIFLUX", "http://ameriflux.lbl.gov/sites/siteinfo/US-Nrs", 
"US-OF1", "24000699", "GRP_URL_AMERIFLUX", "http://ameriflux.lbl.gov/sites/siteinfo/US-OF1", 
"US-OF2", "24000700", "GRP_URL_AMERIFLUX", "http://ameriflux.lbl.gov/sites/siteinfo/US-OF2", 
"US-Oho", "24000411", "GRP_URL_AMERIFLUX", "http://ameriflux.lbl.gov/sites/siteinfo/US-Oho", 
"US-ORv", "24000501", "GRP_URL_AMERIFLUX", "http://ameriflux.lbl.gov/sites/siteinfo/US-ORv", 
"US-OWC", "24000663", "GRP_URL_AMERIFLUX", "http://ameriflux.lbl.gov/sites/siteinfo/US-OWC", 
"US-PFa", "24000412", "GRP_URL_AMERIFLUX", "http://ameriflux.lbl.gov/sites/siteinfo/US-PFa", 
"US-PFb", "24001086", "GRP_URL_AMERIFLUX", "http://ameriflux.lbl.gov/sites/siteinfo/US-PFb", 
"US-PFc", "24001087", "GRP_URL_AMERIFLUX", "http://ameriflux.lbl.gov/sites/siteinfo/US-PFc", 
"US-PFd", "24001088", "GRP_URL_AMERIFLUX", "http://ameriflux.lbl.gov/sites/siteinfo/US-PFd", 
"US-PFe", "24001089", "GRP_URL_AMERIFLUX", "http://ameriflux.lbl.gov/sites/siteinfo/US-PFe", 
"US-PFf", "24001090", "GRP_URL_AMERIFLUX", "http://ameriflux.lbl.gov/sites/siteinfo/US-PFf", 
"US-PFg", "24001091", "GRP_URL_AMERIFLUX", "http://ameriflux.lbl.gov/sites/siteinfo/US-PFg", 
"US-PFh", "24001092", "GRP_URL_AMERIFLUX", "http://ameriflux.lbl.gov/sites/siteinfo/US-PFh", 
"US-PFi", "24001093", "GRP_URL_AMERIFLUX", "http://ameriflux.lbl.gov/sites/siteinfo/US-PFi", 
"US-PFj", "24001094", "GRP_URL_AMERIFLUX", "http://ameriflux.lbl.gov/sites/siteinfo/US-PFj", 
"US-PFk", "24001095", "GRP_URL_AMERIFLUX", "http://ameriflux.lbl.gov/sites/siteinfo/US-PFk", 
"US-PFL", "24001096", "GRP_URL_AMERIFLUX", "http://ameriflux.lbl.gov/sites/siteinfo/US-PFL", 
"US-PFm", "24001097", "GRP_URL_AMERIFLUX", "http://ameriflux.lbl.gov/sites/siteinfo/US-PFm", 
"US-PFn", "24001098", "GRP_URL_AMERIFLUX", "http://ameriflux.lbl.gov/sites/siteinfo/US-PFn", 
"US-PFo", "24001099", "GRP_URL_AMERIFLUX", "http://ameriflux.lbl.gov/sites/siteinfo/US-PFo", 
"US-PFp", "24001100", "GRP_URL_AMERIFLUX", "http://ameriflux.lbl.gov/sites/siteinfo/US-PFp", 
"US-PFq", "24001101", "GRP_URL_AMERIFLUX", "http://ameriflux.lbl.gov/sites/siteinfo/US-PFq", 
"US-PFr", "24001102", "GRP_URL_AMERIFLUX", "http://ameriflux.lbl.gov/sites/siteinfo/US-PFr", 
"US-PFs", "24001103", "GRP_URL_AMERIFLUX", "http://ameriflux.lbl.gov/sites/siteinfo/US-PFs", 
"US-PFt", "24001104", "GRP_URL_AMERIFLUX", "http://ameriflux.lbl.gov/sites/siteinfo/US-PFt", 
"US-PHM", "24000677", "GRP_URL_AMERIFLUX", "http://ameriflux.lbl.gov/sites/siteinfo/US-PHM", 
"US-PLM", "24000963", "GRP_URL_AMERIFLUX", "http://ameriflux.lbl.gov/sites/siteinfo/US-PLM", 
"US-Pnp", "24000938", "GRP_URL_AMERIFLUX", "http://ameriflux.lbl.gov/sites/siteinfo/US-Pnp", 
"US-Pon", "24000413", "GRP_URL_AMERIFLUX", "http://ameriflux.lbl.gov/sites/siteinfo/US-Pon", 
"US-Prr", "24000525", "GRP_URL_AMERIFLUX", "http://ameriflux.lbl.gov/sites/siteinfo/US-Prr", 
"US-PSH", "24001071", "GRP_URL_AMERIFLUX", "http://ameriflux.lbl.gov/sites/siteinfo/US-PSH", 
"US-PSL", "24001070", "GRP_URL_AMERIFLUX", "http://ameriflux.lbl.gov/sites/siteinfo/US-PSL", 
"US-RC1", "24001000", "GRP_URL_AMERIFLUX", "http://ameriflux.lbl.gov/sites/siteinfo/US-RC1", 
"US-RC2", "24000999", "GRP_URL_AMERIFLUX", "http://ameriflux.lbl.gov/sites/siteinfo/US-RC2", 
"US-RC3", "24001001", "GRP_URL_AMERIFLUX", "http://ameriflux.lbl.gov/sites/siteinfo/US-RC3", 
"US-RC4", "24001002", "GRP_URL_AMERIFLUX", "http://ameriflux.lbl.gov/sites/siteinfo/US-RC4", 
"US-RC5", "24001003", "GRP_URL_AMERIFLUX", "http://ameriflux.lbl.gov/sites/siteinfo/US-RC5", 
"US-RFE", "24000681", "GRP_URL_AMERIFLUX", "http://ameriflux.lbl.gov/sites/siteinfo/US-RFE", 
"US-RFW", "24000682", "GRP_URL_AMERIFLUX", "http://ameriflux.lbl.gov/sites/siteinfo/US-RFW", 
"US-Rls", "24000702", "GRP_URL_AMERIFLUX", "http://ameriflux.lbl.gov/sites/siteinfo/US-Rls", 
"US-Rms", "24000698", "GRP_URL_AMERIFLUX", "http://ameriflux.lbl.gov/sites/siteinfo/US-Rms", 
"US-Ro1", "24000417", "GRP_URL_AMERIFLUX", "http://ameriflux.lbl.gov/sites/siteinfo/US-Ro1", 
"US-Ro2", "24000418", "GRP_URL_AMERIFLUX", "http://ameriflux.lbl.gov/sites/siteinfo/US-Ro2", 
"US-Ro3", "24000419", "GRP_URL_AMERIFLUX", "http://ameriflux.lbl.gov/sites/siteinfo/US-Ro3", 
"US-Ro4", "24000655", "GRP_URL_AMERIFLUX", "http://ameriflux.lbl.gov/sites/siteinfo/US-Ro4", 
"US-Ro5", "24000688", "GRP_URL_AMERIFLUX", "http://ameriflux.lbl.gov/sites/siteinfo/US-Ro5", 
"US-Ro6", "24000689", "GRP_URL_AMERIFLUX", "http://ameriflux.lbl.gov/sites/siteinfo/US-Ro6", 
"US-Rpf", "24001015", "GRP_URL_AMERIFLUX", "http://ameriflux.lbl.gov/sites/siteinfo/US-Rpf", 
"US-RRC", "24000962", "GRP_URL_AMERIFLUX", "http://ameriflux.lbl.gov/sites/siteinfo/US-RRC", 
"US-Rwe", "24001111", "GRP_URL_AMERIFLUX", "http://ameriflux.lbl.gov/sites/siteinfo/US-Rwe", 
"US-Rwf", "24001112", "GRP_URL_AMERIFLUX", "http://ameriflux.lbl.gov/sites/siteinfo/US-Rwf", 
"US-Rws", "24000674", "GRP_URL_AMERIFLUX", "http://ameriflux.lbl.gov/sites/siteinfo/US-Rws", 
"US-Sag", "24000990", "GRP_URL_AMERIFLUX", "http://ameriflux.lbl.gov/sites/siteinfo/US-Sag", 
"US-SB1", "24000550", "GRP_URL_AMERIFLUX", "http://ameriflux.lbl.gov/sites/siteinfo/US-SB1", 
"US-SB2", "24000676", "GRP_URL_AMERIFLUX", "http://ameriflux.lbl.gov/sites/siteinfo/US-SB2", 
"US-SB3", "24000989", "GRP_URL_AMERIFLUX", "http://ameriflux.lbl.gov/sites/siteinfo/US-SB3", 
"US-SCc", "24000461", "GRP_URL_AMERIFLUX", "http://ameriflux.lbl.gov/sites/siteinfo/US-SCc", 
"US-SCd", "24000465", "GRP_URL_AMERIFLUX", "http://ameriflux.lbl.gov/sites/siteinfo/US-SCd", 
"US-SCf", "24000463", "GRP_URL_AMERIFLUX", "http://ameriflux.lbl.gov/sites/siteinfo/US-SCf", 
"US-SCg", "24000462", "GRP_URL_AMERIFLUX", "http://ameriflux.lbl.gov/sites/siteinfo/US-SCg", 
"US-SCs", "24000460", "GRP_URL_AMERIFLUX", "http://ameriflux.lbl.gov/sites/siteinfo/US-SCs", 
"US-SCw", "24000464", "GRP_URL_AMERIFLUX", "http://ameriflux.lbl.gov/sites/siteinfo/US-SCw", 
"US-SdH", "24000502", "GRP_URL_AMERIFLUX", "http://ameriflux.lbl.gov/sites/siteinfo/US-SdH", 
"US-SDU", "24000423", "GRP_URL_AMERIFLUX", "http://ameriflux.lbl.gov/sites/siteinfo/US-SDU", 
"US-Seg", "24000476", "GRP_URL_AMERIFLUX", "http://ameriflux.lbl.gov/sites/siteinfo/US-Seg", 
"US-Ses", "24000477", "GRP_URL_AMERIFLUX", "http://ameriflux.lbl.gov/sites/siteinfo/US-Ses", 
"US-SFP", "24000478", "GRP_URL_AMERIFLUX", "http://ameriflux.lbl.gov/sites/siteinfo/US-SFP", 
"US-SHC", "24000939", "GRP_URL_AMERIFLUX", "http://ameriflux.lbl.gov/sites/siteinfo/US-SHC", 
"US-Shd", "24000425", "GRP_URL_AMERIFLUX", "http://ameriflux.lbl.gov/sites/siteinfo/US-Shd", 
"US-SHS", "24000694", "GRP_URL_AMERIFLUX", "http://ameriflux.lbl.gov/sites/siteinfo/US-SHS", 
"US-SJ1", "24000474", "GRP_URL_AMERIFLUX", "http://ameriflux.lbl.gov/sites/siteinfo/US-SJ1", 
"US-SJ2", "24000475", "GRP_URL_AMERIFLUX", "http://ameriflux.lbl.gov/sites/siteinfo/US-SJ2", 
"US-Skr", "24000436", "GRP_URL_AMERIFLUX", "http://ameriflux.lbl.gov/sites/siteinfo/US-Skr", 
"US-Slt", "24000426", "GRP_URL_AMERIFLUX", "http://ameriflux.lbl.gov/sites/siteinfo/US-Slt", 
"US-Snd", "24000424", "GRP_URL_AMERIFLUX", "http://ameriflux.lbl.gov/sites/siteinfo/US-Snd", 
"US-Sne", "24000675", "GRP_URL_AMERIFLUX", "http://ameriflux.lbl.gov/sites/siteinfo/US-Sne", 
"US-Snf", "24000994", "GRP_URL_AMERIFLUX", "http://ameriflux.lbl.gov/sites/siteinfo/US-Snf", 
"US-SO2", "24000427", "GRP_URL_AMERIFLUX", "http://ameriflux.lbl.gov/sites/siteinfo/US-SO2", 
"US-SO3", "24000428", "GRP_URL_AMERIFLUX", "http://ameriflux.lbl.gov/sites/siteinfo/US-SO3", 
"US-SO4", "24000429", "GRP_URL_AMERIFLUX", "http://ameriflux.lbl.gov/sites/siteinfo/US-SO4", 
"US-SP1", "24000430", "GRP_URL_AMERIFLUX", "http://ameriflux.lbl.gov/sites/siteinfo/US-SP1", 
"US-SP2", "24000431", "GRP_URL_AMERIFLUX", "http://ameriflux.lbl.gov/sites/siteinfo/US-SP2", 
"US-SP3", "24000432", "GRP_URL_AMERIFLUX", "http://ameriflux.lbl.gov/sites/siteinfo/US-SP3", 
"US-SP4", "24000433", "GRP_URL_AMERIFLUX", "http://ameriflux.lbl.gov/sites/siteinfo/US-SP4", 
"US-SRC", "24000487", "GRP_URL_AMERIFLUX", "http://ameriflux.lbl.gov/sites/siteinfo/US-SRC", 
"US-SRG", "24000528", "GRP_URL_AMERIFLUX", "http://ameriflux.lbl.gov/sites/siteinfo/US-SRG", 
"US-SRM", "24000435", "GRP_URL_AMERIFLUX", "http://ameriflux.lbl.gov/sites/siteinfo/US-SRM", 
"US-Srr", "24000712", "GRP_URL_AMERIFLUX", "http://ameriflux.lbl.gov/sites/siteinfo/US-Srr", 
"US-SSH", "24000701", "GRP_URL_AMERIFLUX", "http://ameriflux.lbl.gov/sites/siteinfo/US-SSH", 
"US-Sta", "24000531", "GRP_URL_AMERIFLUX", "http://ameriflux.lbl.gov/sites/siteinfo/US-Sta", 
"US-StJ", "24000551", "GRP_URL_AMERIFLUX", "http://ameriflux.lbl.gov/sites/siteinfo/US-StJ", 
"US-StS", "24000685", "GRP_URL_AMERIFLUX", "http://ameriflux.lbl.gov/sites/siteinfo/US-StS", 
"US-SuM", "24000544", "GRP_URL_AMERIFLUX", "http://ameriflux.lbl.gov/sites/siteinfo/US-SuM", 
"US-SuS", "24000545", "GRP_URL_AMERIFLUX", "http://ameriflux.lbl.gov/sites/siteinfo/US-SuS", 
"US-SuW", "24000543", "GRP_URL_AMERIFLUX", "http://ameriflux.lbl.gov/sites/siteinfo/US-SuW", 
"US-Syv", "24000437", "GRP_URL_AMERIFLUX", "http://ameriflux.lbl.gov/sites/siteinfo/US-Syv", 
"US-SZ1", "24001037", "GRP_URL_AMERIFLUX", "http://ameriflux.lbl.gov/sites/siteinfo/US-SZ1", 
"US-SZ2", "24001038", "GRP_URL_AMERIFLUX", "http://ameriflux.lbl.gov/sites/siteinfo/US-SZ2", 
"US-SZ3", "24001039", "GRP_URL_AMERIFLUX", "http://ameriflux.lbl.gov/sites/siteinfo/US-SZ3", 
"US-Ton", "24000438", "GRP_URL_AMERIFLUX", "http://ameriflux.lbl.gov/sites/siteinfo/US-Ton", 
"US-Tur", "24001017", "GRP_URL_AMERIFLUX", "http://ameriflux.lbl.gov/sites/siteinfo/US-Tur", 
"US-Tw1", "24000518", "GRP_URL_AMERIFLUX", "http://ameriflux.lbl.gov/sites/siteinfo/US-Tw1", 
"US-Tw2", "24000519", "GRP_URL_AMERIFLUX", "http://ameriflux.lbl.gov/sites/siteinfo/US-Tw2", 
"US-Tw3", "24000520", "GRP_URL_AMERIFLUX", "http://ameriflux.lbl.gov/sites/siteinfo/US-Tw3", 
"US-Tw4", "24000523", "GRP_URL_AMERIFLUX", "http://ameriflux.lbl.gov/sites/siteinfo/US-Tw4", 
"US-Tw5", "24000988", "GRP_URL_AMERIFLUX", "http://ameriflux.lbl.gov/sites/siteinfo/US-Tw5", 
"US-Twt", "24000506", "GRP_URL_AMERIFLUX", "http://ameriflux.lbl.gov/sites/siteinfo/US-Twt", 
"US-Tx1", "24000949", "GRP_URL_AMERIFLUX", "http://ameriflux.lbl.gov/sites/siteinfo/US-Tx1", 
"US-Tx2", "24000950", "GRP_URL_AMERIFLUX", "http://ameriflux.lbl.gov/sites/siteinfo/US-Tx2", 
"US-Tx3", "24000951", "GRP_URL_AMERIFLUX", "http://ameriflux.lbl.gov/sites/siteinfo/US-Tx3", 
"US-Tx4", "24000952", "GRP_URL_AMERIFLUX", "http://ameriflux.lbl.gov/sites/siteinfo/US-Tx4", 
"US-Tx5", "24000953", "GRP_URL_AMERIFLUX", "http://ameriflux.lbl.gov/sites/siteinfo/US-Tx5", 
"US-Tx6", "24000954", "GRP_URL_AMERIFLUX", "http://ameriflux.lbl.gov/sites/siteinfo/US-Tx6", 
"US-Tx7", "24000955", "GRP_URL_AMERIFLUX", "http://ameriflux.lbl.gov/sites/siteinfo/US-Tx7", 
"US-Tx8", "24001066", "GRP_URL_AMERIFLUX", "http://ameriflux.lbl.gov/sites/siteinfo/US-Tx8", 
"US-Tx9", "24000956", "GRP_URL_AMERIFLUX", "http://ameriflux.lbl.gov/sites/siteinfo/US-Tx9", 
"US-Uaf", "24000967", "GRP_URL_AMERIFLUX", "http://ameriflux.lbl.gov/sites/siteinfo/US-Uaf", 
"US-UiA", "24001107", "GRP_URL_AMERIFLUX", "http://ameriflux.lbl.gov/sites/siteinfo/US-UiA", 
"US-UiB", "24001108", "GRP_URL_AMERIFLUX", "http://ameriflux.lbl.gov/sites/siteinfo/US-UiB", 
"US-UiC", "24001109", "GRP_URL_AMERIFLUX", "http://ameriflux.lbl.gov/sites/siteinfo/US-UiC", 
"US-ULM", "24000517", "GRP_URL_AMERIFLUX", "http://ameriflux.lbl.gov/sites/siteinfo/US-ULM", 
"US-UM3", "24000548", "GRP_URL_AMERIFLUX", "http://ameriflux.lbl.gov/sites/siteinfo/US-UM3", 
"US-UMB", "24000439", "GRP_URL_AMERIFLUX", "http://ameriflux.lbl.gov/sites/siteinfo/US-UMB", 
"US-UMd", "24000500", "GRP_URL_AMERIFLUX", "http://ameriflux.lbl.gov/sites/siteinfo/US-UMd", 
"US-Upa", "24000440", "GRP_URL_AMERIFLUX", "http://ameriflux.lbl.gov/sites/siteinfo/US-Upa", 
"US-Var", "24000441", "GRP_URL_AMERIFLUX", "http://ameriflux.lbl.gov/sites/siteinfo/US-Var", 
"US-Vcm", "24000471", "GRP_URL_AMERIFLUX", "http://ameriflux.lbl.gov/sites/siteinfo/US-Vcm", 
"US-Vcp", "24000472", "GRP_URL_AMERIFLUX", "http://ameriflux.lbl.gov/sites/siteinfo/US-Vcp", 
"US-Vcs", "24000693", "GRP_URL_AMERIFLUX", "http://ameriflux.lbl.gov/sites/siteinfo/US-Vcs", 
"US-VFP", "24001004", "GRP_URL_AMERIFLUX", "http://ameriflux.lbl.gov/sites/siteinfo/US-VFP", 
"US-WBW", "24000443", "GRP_URL_AMERIFLUX", "http://ameriflux.lbl.gov/sites/siteinfo/US-WBW", 
"US-WCr", "24000444", "GRP_URL_AMERIFLUX", "http://ameriflux.lbl.gov/sites/siteinfo/US-WCr", 
"US-Wdn", "24000532", "GRP_URL_AMERIFLUX", "http://ameriflux.lbl.gov/sites/siteinfo/US-Wdn", 
"US-Wgr", "24000668", "GRP_URL_AMERIFLUX", "http://ameriflux.lbl.gov/sites/siteinfo/US-Wgr", 
"US-Whs", "24000446", "GRP_URL_AMERIFLUX", "http://ameriflux.lbl.gov/sites/siteinfo/US-Whs", 
"US-Wi0", "24000319", "GRP_URL_AMERIFLUX", "http://ameriflux.lbl.gov/sites/siteinfo/US-Wi0", 
"US-Wi1", "24000318", "GRP_URL_AMERIFLUX", "http://ameriflux.lbl.gov/sites/siteinfo/US-Wi1", 
"US-Wi2", "24000320", "GRP_URL_AMERIFLUX", "http://ameriflux.lbl.gov/sites/siteinfo/US-Wi2", 
"US-Wi3", "24000321", "GRP_URL_AMERIFLUX", "http://ameriflux.lbl.gov/sites/siteinfo/US-Wi3", 
"US-Wi4", "24000322", "GRP_URL_AMERIFLUX", "http://ameriflux.lbl.gov/sites/siteinfo/US-Wi4", 
"US-Wi5", "24000323", "GRP_URL_AMERIFLUX", "http://ameriflux.lbl.gov/sites/siteinfo/US-Wi5", 
"US-Wi6", "24000324", "GRP_URL_AMERIFLUX", "http://ameriflux.lbl.gov/sites/siteinfo/US-Wi6", 
"US-Wi7", "24000325", "GRP_URL_AMERIFLUX", "http://ameriflux.lbl.gov/sites/siteinfo/US-Wi7", 
"US-Wi8", "24000326", "GRP_URL_AMERIFLUX", "http://ameriflux.lbl.gov/sites/siteinfo/US-Wi8", 
"US-Wi9", "24000327", "GRP_URL_AMERIFLUX", "http://ameriflux.lbl.gov/sites/siteinfo/US-Wi9", 
"US-Wjs", "24000469", "GRP_URL_AMERIFLUX", "http://ameriflux.lbl.gov/sites/siteinfo/US-Wjs", 
"US-Wkg", "24000445", "GRP_URL_AMERIFLUX", "http://ameriflux.lbl.gov/sites/siteinfo/US-Wkg", 
"US-Wlr", "24000448", "GRP_URL_AMERIFLUX", "http://ameriflux.lbl.gov/sites/siteinfo/US-Wlr", 
"US-Wpp", "24000670", "GRP_URL_AMERIFLUX", "http://ameriflux.lbl.gov/sites/siteinfo/US-Wpp", 
"US-WPT", "24000536", "GRP_URL_AMERIFLUX", "http://ameriflux.lbl.gov/sites/siteinfo/US-WPT", 
"US-Wrc", "24000447", "GRP_URL_AMERIFLUX", "http://ameriflux.lbl.gov/sites/siteinfo/US-Wrc", 
"US-Wwt", "24000667", "GRP_URL_AMERIFLUX", "http://ameriflux.lbl.gov/sites/siteinfo/US-Wwt", 
"US-xAB", "24001013", "GRP_URL_AMERIFLUX", "http://ameriflux.lbl.gov/sites/siteinfo/US-xAB", 
"US-xAE", "24001054", "GRP_URL_AMERIFLUX", "http://ameriflux.lbl.gov/sites/siteinfo/US-xAE", 
"US-xBA", "24001012", "GRP_URL_AMERIFLUX", "http://ameriflux.lbl.gov/sites/siteinfo/US-xBA", 
"US-xBL", "24001014", "GRP_URL_AMERIFLUX", "http://ameriflux.lbl.gov/sites/siteinfo/US-xBL", 
"US-xBN", "24001028", "GRP_URL_AMERIFLUX", "http://ameriflux.lbl.gov/sites/siteinfo/US-xBN", 
"US-xBR", "24000961", "GRP_URL_AMERIFLUX", "http://ameriflux.lbl.gov/sites/siteinfo/US-xBR", 
"US-xCL", "24000947", "GRP_URL_AMERIFLUX", "http://ameriflux.lbl.gov/sites/siteinfo/US-xCL", 
"US-xCP", "24000691", "GRP_URL_AMERIFLUX", "http://ameriflux.lbl.gov/sites/siteinfo/US-xCP", 
"US-xDC", "24001027", "GRP_URL_AMERIFLUX", "http://ameriflux.lbl.gov/sites/siteinfo/US-xDC", 
"US-xDJ", "24001026", "GRP_URL_AMERIFLUX", "http://ameriflux.lbl.gov/sites/siteinfo/US-xDJ", 
"US-xDL", "24001025", "GRP_URL_AMERIFLUX", "http://ameriflux.lbl.gov/sites/siteinfo/US-xDL", 
"US-xDS", "24001024", "GRP_URL_AMERIFLUX", "http://ameriflux.lbl.gov/sites/siteinfo/US-xDS", 
"US-xGR", "24001023", "GRP_URL_AMERIFLUX", "http://ameriflux.lbl.gov/sites/siteinfo/US-xGR", 
"US-xHA", "24000960", "GRP_URL_AMERIFLUX", "http://ameriflux.lbl.gov/sites/siteinfo/US-xHA", 
"US-xHE", "24001022", "GRP_URL_AMERIFLUX", "http://ameriflux.lbl.gov/sites/siteinfo/US-xHE", 
"US-xJE", "24000975", "GRP_URL_AMERIFLUX", "http://ameriflux.lbl.gov/sites/siteinfo/US-xJE", 
"US-xJR", "24001021", "GRP_URL_AMERIFLUX", "http://ameriflux.lbl.gov/sites/siteinfo/US-xJR", 
"US-xKA", "24001020", "GRP_URL_AMERIFLUX", "http://ameriflux.lbl.gov/sites/siteinfo/US-xKA", 
"US-xKZ", "24000944", "GRP_URL_AMERIFLUX", "http://ameriflux.lbl.gov/sites/siteinfo/US-xKZ", 
"US-xLE", "24001019", "GRP_URL_AMERIFLUX", "http://ameriflux.lbl.gov/sites/siteinfo/US-xLE", 
"US-xMB", "24001044", "GRP_URL_AMERIFLUX", "http://ameriflux.lbl.gov/sites/siteinfo/US-xMB", 
"US-xML", "24001018", "GRP_URL_AMERIFLUX", "http://ameriflux.lbl.gov/sites/siteinfo/US-xML", 
"US-xNG", "24000977", "GRP_URL_AMERIFLUX", "http://ameriflux.lbl.gov/sites/siteinfo/US-xNG", 
"US-xNQ", "24000976", "GRP_URL_AMERIFLUX", "http://ameriflux.lbl.gov/sites/siteinfo/US-xNQ", 
"US-xNW", "24000978", "GRP_URL_AMERIFLUX", "http://ameriflux.lbl.gov/sites/siteinfo/US-xNW", 
"US-xPU", "24001045", "GRP_URL_AMERIFLUX", "http://ameriflux.lbl.gov/sites/siteinfo/US-xPU", 
"US-xRM", "24001050", "GRP_URL_AMERIFLUX", "http://ameriflux.lbl.gov/sites/siteinfo/US-xRM", 
"US-xRN", "24001051", "GRP_URL_AMERIFLUX", "http://ameriflux.lbl.gov/sites/siteinfo/US-xRN", 
"US-xSB", "24000957", "GRP_URL_AMERIFLUX", "http://ameriflux.lbl.gov/sites/siteinfo/US-xSB", 
"US-xSC", "24001052", "GRP_URL_AMERIFLUX", "http://ameriflux.lbl.gov/sites/siteinfo/US-xSC", 
"US-xSE", "24000974", "GRP_URL_AMERIFLUX", "http://ameriflux.lbl.gov/sites/siteinfo/US-xSE", 
"US-xSJ", "24001061", "GRP_URL_AMERIFLUX", "http://ameriflux.lbl.gov/sites/siteinfo/US-xSJ", 
"US-xSL", "24001075", "GRP_URL_AMERIFLUX", "http://ameriflux.lbl.gov/sites/siteinfo/US-xSL", 
"US-xSP", "24001060", "GRP_URL_AMERIFLUX", "http://ameriflux.lbl.gov/sites/siteinfo/US-xSP", 
"US-xSR", "24000958", "GRP_URL_AMERIFLUX", "http://ameriflux.lbl.gov/sites/siteinfo/US-xSR", 
"US-xST", "24001059", "GRP_URL_AMERIFLUX", "http://ameriflux.lbl.gov/sites/siteinfo/US-xST", 
"US-xTA", "24001058", "GRP_URL_AMERIFLUX", "http://ameriflux.lbl.gov/sites/siteinfo/US-xTA", 
"US-xTE", "24001057", "GRP_URL_AMERIFLUX", "http://ameriflux.lbl.gov/sites/siteinfo/US-xTE", 
"US-xTL", "24001053", "GRP_URL_AMERIFLUX", "http://ameriflux.lbl.gov/sites/siteinfo/US-xTL", 
"US-xTR", "24001048", "GRP_URL_AMERIFLUX", "http://ameriflux.lbl.gov/sites/siteinfo/US-xTR", 
"US-xUK", "24001047", "GRP_URL_AMERIFLUX", "http://ameriflux.lbl.gov/sites/siteinfo/US-xUK", 
"US-xUN", "24000959", "GRP_URL_AMERIFLUX", "http://ameriflux.lbl.gov/sites/siteinfo/US-xUN", 
"US-xWD", "24000943", "GRP_URL_AMERIFLUX", "http://ameriflux.lbl.gov/sites/siteinfo/US-xWD", 
"US-xWR", "24001046", "GRP_URL_AMERIFLUX", "http://ameriflux.lbl.gov/sites/siteinfo/US-xWR", 
"US-xYE", "24001049", "GRP_URL_AMERIFLUX", "http://ameriflux.lbl.gov/sites/siteinfo/US-xYE", 
"US-Ylw", "24000515", "GRP_URL_AMERIFLUX", "http://ameriflux.lbl.gov/sites/siteinfo/US-Ylw", 
